current directory: /Users/stsessions/dev/verademos/verademo-rails-api/vendor/bundle/ruby/4.0.0/gems/sqlite3-1.6.9/ext/sqlite3
/opt/homebrew/opt/ruby/bin/ruby extconf.rb
Building sqlite3-ruby using packaged sqlite3.
Extracting sqlite-autoconf-3440200.tar.gz into tmp/arm64-apple-darwin24.6.0/ports/sqlite3/3.44.2... OK
Running 'configure' for sqlite3 3.44.2... OK
Running 'compile' for sqlite3 3.44.2... OK
Running 'install' for sqlite3 3.44.2... OK
Activating sqlite3 3.44.2 (from /Users/stsessions/dev/verademos/verademo-rails-api/vendor/bundle/ruby/4.0.0/gems/sqlite3-1.6.9/ports/arm64-apple-darwin24.6.0/sqlite3/3.44.2)...
checking for pkg-config for /Users/stsessions/dev/verademos/verademo-rails-api/vendor/bundle/ruby/4.0.0/gems/sqlite3-1.6.9/ports/arm64-apple-darwin24.6.0/sqlite3/3.44.2/lib/pkgconfig/sqlite3.pc... ["-I/Users/stsessions/dev/verademos/verademo-rails-api/vendor/bundle/ruby/4.0.0/gems/sqlite3-1.6.9/ports/arm64-apple-darwin24.6.0/sqlite3/3.44.2/include ", "", "-lsqlite3"]
checking for whether -L/Users/stsessions/dev/verademos/verademo-rails-api/vendor/bundle/ruby/4.0.0/gems/sqlite3-1.6.9/ports/arm64-apple-darwin24.6.0/sqlite3/3.44.2/lib is accepted as LDFLAGS... yes
checking for whether -lsqlite3 is accepted as LDFLAGS... yes
checking for whether -lz is accepted as LDFLAGS... yes
checking for whether -fvisibility=hidden is accepted as CFLAGS... yes
checking for sqlite3.h... yes
checking for sqlite3_libversion_number() in -lsqlite3... yes
checking for rb_proc_arity()... yes
checking for rb_integer_pack()... yes
checking for sqlite3_initialize()... yes
checking for sqlite3_backup_init()... yes
checking for sqlite3_column_database_name()... no
checking for sqlite3_enable_load_extension()... yes
checking for sqlite3_load_extension()... yes
checking for sqlite3_open_v2()... yes
checking for sqlite3_prepare_v2()... yes
checking for sqlite3_int64 in sqlite3.h... yes
checking for sqlite3_uint64 in sqlite3.h... yes
creating Makefile

current directory: /Users/stsessions/dev/verademos/verademo-rails-api/vendor/bundle/ruby/4.0.0/gems/sqlite3-1.6.9/ext/sqlite3
make DESTDIR\= sitearchdir\=./.gem.20260708-52476-45xt5l sitelibdir\=./.gem.20260708-52476-45xt5l clean

current directory: /Users/stsessions/dev/verademos/verademo-rails-api/vendor/bundle/ruby/4.0.0/gems/sqlite3-1.6.9/ext/sqlite3
make DESTDIR\= sitearchdir\=./.gem.20260708-52476-45xt5l sitelibdir\=./.gem.20260708-52476-45xt5l
compiling aggregator.c
aggregator.c:214:3: warning: 'rb_data_object_get_warning' is deprecated: by TypedData [-Wdeprecated-declarations]
  214 |   Data_Get_Struct(self, sqlite3Ruby, ctx);
      |   ^
/opt/homebrew/Cellar/ruby/4.0.5/include/ruby-4.0.0/ruby/internal/core/rdata.h:278:34: note: expanded from macro 'Data_Get_Struct'
  278 |     ((sval) = RBIMPL_CAST((type*)rb_data_object_get(obj)))
      |                                  ^
/opt/homebrew/Cellar/ruby/4.0.5/include/ruby-4.0.0/ruby/internal/core/rdata.h:370:31: note: expanded from macro 'rb_data_object_get'
  370 | #define rb_data_object_get    RUBY_MACRO_SELECT(rb_data_object_get_2, RUBY_UNTYPED_DATA_WARNING)
      |                               ^
/opt/homebrew/Cellar/ruby/4.0.5/include/ruby-4.0.0/ruby/internal/core/rdata.h:50:35: note: expanded from macro 'RUBY_MACRO_SELECT'
   50 | #define RUBY_MACRO_SELECT(x, y)   RBIMPL_MACRO_SELECT(x, y)
      |                                   ^
/opt/homebrew/Cellar/ruby/4.0.5/include/ruby-4.0.0/ruby/internal/core/rdata.h:49:35: note: expanded from macro 'RBIMPL_MACRO_SELECT'
   49 | #define RBIMPL_MACRO_SELECT(x, y) x ## y
      |                                   ^
<scratch space>:135:1: note: expanded from here
  135 | rb_data_object_get_1
      | ^
/opt/homebrew/Cellar/ruby/4.0.5/include/ruby-4.0.0/ruby/internal/core/rdata.h:368:31: note: expanded from macro 'rb_data_object_get_1'
  368 | #define rb_data_object_get_1  rb_data_object_get_warning
      |                               ^
/opt/homebrew/Cellar/ruby/4.0.5/include/ruby-4.0.0/ruby/internal/core/rdata.h:317:1: note: 'rb_data_object_get_warning' has been explicitly marked deprecated here
  317 | RBIMPL_ATTRSET_UNTYPED_DATA_FUNC()
      | ^
/opt/homebrew/Cellar/ruby/4.0.5/include/ruby-4.0.0/ruby/internal/core/rdata.h:47:5: note: expanded from macro 'RBIMPL_ATTRSET_UNTYPED_DATA_FUNC'
   47 |     RBIMPL_ATTR_DEPRECATED(("by TypedData"))
      |     ^
/opt/homebrew/Cellar/ruby/4.0.5/include/ruby-4.0.0/ruby/internal/attr/deprecated.h:36:53: note: expanded from macro 'RBIMPL_ATTR_DEPRECATED'
   36 | # define RBIMPL_ATTR_DEPRECATED(msg) __attribute__((__deprecated__ msg))
      |                                                     ^
1 warning generated.
compiling backup.c
backup.c:20:10: warning: 'rb_data_object_wrap_warning' is deprecated: by TypedData [-Wdeprecated-declarations]
   20 |   return Data_Wrap_Struct(klass, NULL, deallocate, ctx);
      |          ^
/opt/homebrew/Cellar/ruby/4.0.5/include/ruby-4.0.0/ruby/internal/core/rdata.h:202:5: note: expanded from macro 'Data_Wrap_Struct'
  202 |     rb_data_object_wrap(                          \
      |     ^
/opt/homebrew/Cellar/ruby/4.0.5/include/ruby-4.0.0/ruby/internal/core/rdata.h:366:31: note: expanded from macro 'rb_data_object_wrap'
  366 | #define rb_data_object_wrap   RUBY_MACRO_SELECT(rb_data_object_wrap_2, RUBY_UNTYPED_DATA_WARNING)
      |                               ^
/opt/homebrew/Cellar/ruby/4.0.5/include/ruby-4.0.0/ruby/internal/core/rdata.h:50:35: note: expanded from macro 'RUBY_MACRO_SELECT'
   50 | #define RUBY_MACRO_SELECT(x, y)   RBIMPL_MACRO_SELECT(x, y)
      |                                   ^
/opt/homebrew/Cellar/ruby/4.0.5/include/ruby-4.0.0/ruby/internal/core/rdata.h:49:35: note: expanded from macro 'RBIMPL_MACRO_SELECT'
   49 | #define RBIMPL_MACRO_SELECT(x, y) x ## y
      |                                   ^
<scratch space>:135:1: note: expanded from here
  135 | rb_data_object_wrap_1
      | ^
/opt/homebrew/Cellar/ruby/4.0.5/include/ruby-4.0.0/ruby/internal/core/rdata.h:364:31: note: expanded from macro 'rb_data_object_wrap_1'
  364 | #define rb_data_object_wrap_1 rb_data_object_wrap_warning
      |                               ^
/opt/homebrew/Cellar/ruby/4.0.5/include/ruby-4.0.0/ruby/internal/core/rdata.h:280:1: note: 'rb_data_object_wrap_warning' has been explicitly marked deprecated here
  280 | RBIMPL_ATTRSET_UNTYPED_DATA_FUNC()
      | ^
/opt/homebrew/Cellar/ruby/4.0.5/include/ruby-4.0.0/ruby/internal/core/rdata.h:47:5: note: expanded from macro 'RBIMPL_ATTRSET_UNTYPED_DATA_FUNC'
   47 |     RBIMPL_ATTR_DEPRECATED(("by TypedData"))
      |     ^
/opt/homebrew/Cellar/ruby/4.0.5/include/ruby-4.0.0/ruby/internal/attr/deprecated.h:36:53: note: expanded from macro 'RBIMPL_ATTR_DEPRECATED'
   36 | # define RBIMPL_ATTR_DEPRECATED(msg) __attribute__((__deprecated__ msg))
      |                                                     ^
backup.c:65:3: warning: 'rb_data_object_get_warning' is deprecated: by TypedData [-Wdeprecated-declarations]
   65 |   Data_Get_Struct(self, sqlite3BackupRuby, ctx);
      |   ^
/opt/homebrew/Cellar/ruby/4.0.5/include/ruby-4.0.0/ruby/internal/core/rdata.h:278:34: note: expanded from macro 'Data_Get_Struct'
  278 |     ((sval) = RBIMPL_CAST((type*)rb_data_object_get(obj)))
      |                                  ^
/opt/homebrew/Cellar/ruby/4.0.5/include/ruby-4.0.0/ruby/internal/core/rdata.h:370:31: note: expanded from macro 'rb_data_object_get'
  370 | #define rb_data_object_get    RUBY_MACRO_SELECT(rb_data_object_get_2, RUBY_UNTYPED_DATA_WARNING)
      |                               ^
/opt/homebrew/Cellar/ruby/4.0.5/include/ruby-4.0.0/ruby/internal/core/rdata.h:50:35: note: expanded from macro 'RUBY_MACRO_SELECT'
   50 | #define RUBY_MACRO_SELECT(x, y)   RBIMPL_MACRO_SELECT(x, y)
      |                                   ^
/opt/homebrew/Cellar/ruby/4.0.5/include/ruby-4.0.0/ruby/internal/core/rdata.h:49:35: note: expanded from macro 'RBIMPL_MACRO_SELECT'
   49 | #define RBIMPL_MACRO_SELECT(x, y) x ## y
      |                                   ^
<scratch space>:136:1: note: expanded from here
  136 | rb_data_object_get_1
      | ^
/opt/homebrew/Cellar/ruby/4.0.5/include/ruby-4.0.0/ruby/internal/core/rdata.h:368:31: note: expanded from macro 'rb_data_object_get_1'
  368 | #define rb_data_object_get_1  rb_data_object_get_warning
      |                               ^
/opt/homebrew/Cellar/ruby/4.0.5/include/ruby-4.0.0/ruby/internal/core/rdata.h:317:1: note: 'rb_data_object_get_warning' has been explicitly marked deprecated here
  317 | RBIMPL_ATTRSET_UNTYPED_DATA_FUNC()
      | ^
/opt/homebrew/Cellar/ruby/4.0.5/include/ruby-4.0.0/ruby/internal/core/rdata.h:47:5: note: expanded from macro 'RBIMPL_ATTRSET_UNTYPED_DATA_FUNC'
   47 |     RBIMPL_ATTR_DEPRECATED(("by TypedData"))
      |     ^
/opt/homebrew/Cellar/ruby/4.0.5/include/ruby-4.0.0/ruby/internal/attr/deprecated.h:36:53: note: expanded from macro 'RBIMPL_ATTR_DEPRECATED'
   36 | # define RBIMPL_ATTR_DEPRECATED(msg) __attribute__((__deprecated__ msg))
      |                                                     ^
backup.c:66:3: warning: 'rb_data_object_get_warning' is deprecated: by TypedData [-Wdeprecated-declarations]
   66 |   Data_Get_Struct(dstdb, sqlite3Ruby, ddb_ctx);
      |   ^
/opt/homebrew/Cellar/ruby/4.0.5/include/ruby-4.0.0/ruby/internal/core/rdata.h:278:34: note: expanded from macro 'Data_Get_Struct'
  278 |     ((sval) = RBIMPL_CAST((type*)rb_data_object_get(obj)))
      |                                  ^
/opt/homebrew/Cellar/ruby/4.0.5/include/ruby-4.0.0/ruby/internal/core/rdata.h:370:31: note: expanded from macro 'rb_data_object_get'
  370 | #define rb_data_object_get    RUBY_MACRO_SELECT(rb_data_object_get_2, RUBY_UNTYPED_DATA_WARNING)
      |                               ^
/opt/homebrew/Cellar/ruby/4.0.5/include/ruby-4.0.0/ruby/internal/core/rdata.h:50:35: note: expanded from macro 'RUBY_MACRO_SELECT'
   50 | #define RUBY_MACRO_SELECT(x, y)   RBIMPL_MACRO_SELECT(x, y)
      |                                   ^
/opt/homebrew/Cellar/ruby/4.0.5/include/ruby-4.0.0/ruby/internal/core/rdata.h:49:35: note: expanded from macro 'RBIMPL_MACRO_SELECT'
   49 | #define RBIMPL_MACRO_SELECT(x, y) x ## y
      |                                   ^
<scratch space>:137:1: note: expanded from here
  137 | rb_data_object_get_1
      | ^
/opt/homebrew/Cellar/ruby/4.0.5/include/ruby-4.0.0/ruby/internal/core/rdata.h:368:31: note: expanded from macro 'rb_data_object_get_1'
  368 | #define rb_data_object_get_1  rb_data_object_get_warning
      |                               ^
/opt/homebrew/Cellar/ruby/4.0.5/include/ruby-4.0.0/ruby/internal/core/rdata.h:317:1: note: 'rb_data_object_get_warning' has been explicitly marked deprecated here
  317 | RBIMPL_ATTRSET_UNTYPED_DATA_FUNC()
      | ^
/opt/homebrew/Cellar/ruby/4.0.5/include/ruby-4.0.0/ruby/internal/core/rdata.h:47:5: note: expanded from macro 'RBIMPL_ATTRSET_UNTYPED_DATA_FUNC'
   47 |     RBIMPL_ATTR_DEPRECATED(("by TypedData"))
      |     ^
/opt/homebrew/Cellar/ruby/4.0.5/include/ruby-4.0.0/ruby/internal/attr/deprecated.h:36:53: note: expanded from macro 'RBIMPL_ATTR_DEPRECATED'
   36 | # define RBIMPL_ATTR_DEPRECATED(msg) __attribute__((__deprecated__ msg))
      |                                                     ^
backup.c:67:3: warning: 'rb_data_object_get_warning' is deprecated: by TypedData [-Wdeprecated-declarations]
   67 |   Data_Get_Struct(srcdb, sqlite3Ruby, sdb_ctx);
      |   ^
/opt/homebrew/Cellar/ruby/4.0.5/include/ruby-4.0.0/ruby/internal/core/rdata.h:278:34: note: expanded from macro 'Data_Get_Struct'
  278 |     ((sval) = RBIMPL_CAST((type*)rb_data_object_get(obj)))
      |                                  ^
/opt/homebrew/Cellar/ruby/4.0.5/include/ruby-4.0.0/ruby/internal/core/rdata.h:370:31: note: expanded from macro 'rb_data_object_get'
  370 | #define rb_data_object_get    RUBY_MACRO_SELECT(rb_data_object_get_2, RUBY_UNTYPED_DATA_WARNING)
      |                               ^
/opt/homebrew/Cellar/ruby/4.0.5/include/ruby-4.0.0/ruby/internal/core/rdata.h:50:35: note: expanded from macro 'RUBY_MACRO_SELECT'
   50 | #define RUBY_MACRO_SELECT(x, y)   RBIMPL_MACRO_SELECT(x, y)
      |                                   ^
/opt/homebrew/Cellar/ruby/4.0.5/include/ruby-4.0.0/ruby/internal/core/rdata.h:49:35: note: expanded from macro 'RBIMPL_MACRO_SELECT'
   49 | #define RBIMPL_MACRO_SELECT(x, y) x ## y
      |                                   ^
<scratch space>:138:1: note: expanded from here
  138 | rb_data_object_get_1
      | ^
/opt/homebrew/Cellar/ruby/4.0.5/include/ruby-4.0.0/ruby/internal/core/rdata.h:368:31: note: expanded from macro 'rb_data_object_get_1'
  368 | #define rb_data_object_get_1  rb_data_object_get_warning
      |                               ^
/opt/homebrew/Cellar/ruby/4.0.5/include/ruby-4.0.0/ruby/internal/core/rdata.h:317:1: note: 'rb_data_object_get_warning' has been explicitly marked deprecated here
  317 | RBIMPL_ATTRSET_UNTYPED_DATA_FUNC()
      | ^
/opt/homebrew/Cellar/ruby/4.0.5/include/ruby-4.0.0/ruby/internal/core/rdata.h:47:5: note: expanded from macro 'RBIMPL_ATTRSET_UNTYPED_DATA_FUNC'
   47 |     RBIMPL_ATTR_DEPRECATED(("by TypedData"))
      |     ^
/opt/homebrew/Cellar/ruby/4.0.5/include/ruby-4.0.0/ruby/internal/attr/deprecated.h:36:53: note: expanded from macro 'RBIMPL_ATTR_DEPRECATED'
   36 | # define RBIMPL_ATTR_DEPRECATED(msg) __attribute__((__deprecated__ msg))
      |                                                     ^
backup.c:100:3: warning: 'rb_data_object_get_warning' is deprecated: by TypedData [-Wdeprecated-declarations]
  100 |   Data_Get_Struct(self, sqlite3BackupRuby, ctx);
      |   ^
/opt/homebrew/Cellar/ruby/4.0.5/include/ruby-4.0.0/ruby/internal/core/rdata.h:278:34: note: expanded from macro 'Data_Get_Struct'
  278 |     ((sval) = RBIMPL_CAST((type*)rb_data_object_get(obj)))
      |                                  ^
/opt/homebrew/Cellar/ruby/4.0.5/include/ruby-4.0.0/ruby/internal/core/rdata.h:370:31: note: expanded from macro 'rb_data_object_get'
  370 | #define rb_data_object_get    RUBY_MACRO_SELECT(rb_data_object_get_2, RUBY_UNTYPED_DATA_WARNING)
      |                               ^
/opt/homebrew/Cellar/ruby/4.0.5/include/ruby-4.0.0/ruby/internal/core/rdata.h:50:35: note: expanded from macro 'RUBY_MACRO_SELECT'
   50 | #define RUBY_MACRO_SELECT(x, y)   RBIMPL_MACRO_SELECT(x, y)
      |                                   ^
/opt/homebrew/Cellar/ruby/4.0.5/include/ruby-4.0.0/ruby/internal/core/rdata.h:49:35: note: expanded from macro 'RBIMPL_MACRO_SELECT'
   49 | #define RBIMPL_MACRO_SELECT(x, y) x ## y
      |                                   ^
<scratch space>:139:1: note: expanded from here
  139 | rb_data_object_get_1
      | ^
/opt/homebrew/Cellar/ruby/4.0.5/include/ruby-4.0.0/ruby/internal/core/rdata.h:368:31: note: expanded from macro 'rb_data_object_get_1'
  368 | #define rb_data_object_get_1  rb_data_object_get_warning
      |                               ^
/opt/homebrew/Cellar/ruby/4.0.5/include/ruby-4.0.0/ruby/internal/core/rdata.h:317:1: note: 'rb_data_object_get_warning' has been explicitly marked deprecated here
  317 | RBIMPL_ATTRSET_UNTYPED_DATA_FUNC()
      | ^
/opt/homebrew/Cellar/ruby/4.0.5/include/ruby-4.0.0/ruby/internal/core/rdata.h:47:5: note: expanded from macro 'RBIMPL_ATTRSET_UNTYPED_DATA_FUNC'
   47 |     RBIMPL_ATTR_DEPRECATED(("by TypedData"))
      |     ^
/opt/homebrew/Cellar/ruby/4.0.5/include/ruby-4.0.0/ruby/internal/attr/deprecated.h:36:53: note: expanded from macro 'RBIMPL_ATTR_DEPRECATED'
   36 | # define RBIMPL_ATTR_DEPRECATED(msg) __attribute__((__deprecated__ msg))
      |                                                     ^
backup.c:114:3: warning: 'rb_data_object_get_warning' is deprecated: by TypedData [-Wdeprecated-declarations]
  114 |   Data_Get_Struct(self, sqlite3BackupRuby, ctx);
      |   ^
/opt/homebrew/Cellar/ruby/4.0.5/include/ruby-4.0.0/ruby/internal/core/rdata.h:278:34: note: expanded from macro 'Data_Get_Struct'
  278 |     ((sval) = RBIMPL_CAST((type*)rb_data_object_get(obj)))
      |                                  ^
/opt/homebrew/Cellar/ruby/4.0.5/include/ruby-4.0.0/ruby/internal/core/rdata.h:370:31: note: expanded from macro 'rb_data_object_get'
  370 | #define rb_data_object_get    RUBY_MACRO_SELECT(rb_data_object_get_2, RUBY_UNTYPED_DATA_WARNING)
      |                               ^
/opt/homebrew/Cellar/ruby/4.0.5/include/ruby-4.0.0/ruby/internal/core/rdata.h:50:35: note: expanded from macro 'RUBY_MACRO_SELECT'
   50 | #define RUBY_MACRO_SELECT(x, y)   RBIMPL_MACRO_SELECT(x, y)
      |                                   ^
/opt/homebrew/Cellar/ruby/4.0.5/include/ruby-4.0.0/ruby/internal/core/rdata.h:49:35: note: expanded from macro 'RBIMPL_MACRO_SELECT'
   49 | #define RBIMPL_MACRO_SELECT(x, y) x ## y
      |                                   ^
<scratch space>:140:1: note: expanded from here
  140 | rb_data_object_get_1
      | ^
/opt/homebrew/Cellar/ruby/4.0.5/include/ruby-4.0.0/ruby/internal/core/rdata.h:368:31: note: expanded from macro 'rb_data_object_get_1'
  368 | #define rb_data_object_get_1  rb_data_object_get_warning
      |                               ^
/opt/homebrew/Cellar/ruby/4.0.5/include/ruby-4.0.0/ruby/internal/core/rdata.h:317:1: note: 'rb_data_object_get_warning' has been explicitly marked deprecated here
  317 | RBIMPL_ATTRSET_UNTYPED_DATA_FUNC()
      | ^
/opt/homebrew/Cellar/ruby/4.0.5/include/ruby-4.0.0/ruby/internal/core/rdata.h:47:5: note: expanded from macro 'RBIMPL_ATTRSET_UNTYPED_DATA_FUNC'
   47 |     RBIMPL_ATTR_DEPRECATED(("by TypedData"))
      |     ^
/opt/homebrew/Cellar/ruby/4.0.5/include/ruby-4.0.0/ruby/internal/attr/deprecated.h:36:53: note: expanded from macro 'RBIMPL_ATTR_DEPRECATED'
   36 | # define RBIMPL_ATTR_DEPRECATED(msg) __attribute__((__deprecated__ msg))
      |                                                     ^
backup.c:132:3: warning: 'rb_data_object_get_warning' is deprecated: by TypedData [-Wdeprecated-declarations]
  132 |   Data_Get_Struct(self, sqlite3BackupRuby, ctx);
      |   ^
/opt/homebrew/Cellar/ruby/4.0.5/include/ruby-4.0.0/ruby/internal/core/rdata.h:278:34: note: expanded from macro 'Data_Get_Struct'
  278 |     ((sval) = RBIMPL_CAST((type*)rb_data_object_get(obj)))
      |                                  ^
/opt/homebrew/Cellar/ruby/4.0.5/include/ruby-4.0.0/ruby/internal/core/rdata.h:370:31: note: expanded from macro 'rb_data_object_get'
  370 | #define rb_data_object_get    RUBY_MACRO_SELECT(rb_data_object_get_2, RUBY_UNTYPED_DATA_WARNING)
      |                               ^
/opt/homebrew/Cellar/ruby/4.0.5/include/ruby-4.0.0/ruby/internal/core/rdata.h:50:35: note: expanded from macro 'RUBY_MACRO_SELECT'
   50 | #define RUBY_MACRO_SELECT(x, y)   RBIMPL_MACRO_SELECT(x, y)
      |                                   ^
/opt/homebrew/Cellar/ruby/4.0.5/include/ruby-4.0.0/ruby/internal/core/rdata.h:49:35: note: expanded from macro 'RBIMPL_MACRO_SELECT'
   49 | #define RBIMPL_MACRO_SELECT(x, y) x ## y
      |                                   ^
<scratch space>:141:1: note: expanded from here
  141 | rb_data_object_get_1
      | ^
/opt/homebrew/Cellar/ruby/4.0.5/include/ruby-4.0.0/ruby/internal/core/rdata.h:368:31: note: expanded from macro 'rb_data_object_get_1'
  368 | #define rb_data_object_get_1  rb_data_object_get_warning
      |                               ^
/opt/homebrew/Cellar/ruby/4.0.5/include/ruby-4.0.0/ruby/internal/core/rdata.h:317:1: note: 'rb_data_object_get_warning' has been explicitly marked deprecated here
  317 | RBIMPL_ATTRSET_UNTYPED_DATA_FUNC()
      | ^
/opt/homebrew/Cellar/ruby/4.0.5/include/ruby-4.0.0/ruby/internal/core/rdata.h:47:5: note: expanded from macro 'RBIMPL_ATTRSET_UNTYPED_DATA_FUNC'
   47 |     RBIMPL_ATTR_DEPRECATED(("by TypedData"))
      |     ^
/opt/homebrew/Cellar/ruby/4.0.5/include/ruby-4.0.0/ruby/internal/attr/deprecated.h:36:53: note: expanded from macro 'RBIMPL_ATTR_DEPRECATED'
   36 | # define RBIMPL_ATTR_DEPRECATED(msg) __attribute__((__deprecated__ msg))
      |                                                     ^
backup.c:148:3: warning: 'rb_data_object_get_warning' is deprecated: by TypedData [-Wdeprecated-declarations]
  148 |   Data_Get_Struct(self, sqlite3BackupRuby, ctx);
      |   ^
/opt/homebrew/Cellar/ruby/4.0.5/include/ruby-4.0.0/ruby/internal/core/rdata.h:278:34: note: expanded from macro 'Data_Get_Struct'
  278 |     ((sval) = RBIMPL_CAST((type*)rb_data_object_get(obj)))
      |                                  ^
/opt/homebrew/Cellar/ruby/4.0.5/include/ruby-4.0.0/ruby/internal/core/rdata.h:370:31: note: expanded from macro 'rb_data_object_get'
  370 | #define rb_data_object_get    RUBY_MACRO_SELECT(rb_data_object_get_2, RUBY_UNTYPED_DATA_WARNING)
      |                               ^
/opt/homebrew/Cellar/ruby/4.0.5/include/ruby-4.0.0/ruby/internal/core/rdata.h:50:35: note: expanded from macro 'RUBY_MACRO_SELECT'
   50 | #define RUBY_MACRO_SELECT(x, y)   RBIMPL_MACRO_SELECT(x, y)
      |                                   ^
/opt/homebrew/Cellar/ruby/4.0.5/include/ruby-4.0.0/ruby/internal/core/rdata.h:49:35: note: expanded from macro 'RBIMPL_MACRO_SELECT'
   49 | #define RBIMPL_MACRO_SELECT(x, y) x ## y
      |                                   ^
<scratch space>:142:1: note: expanded from here
  142 | rb_data_object_get_1
      | ^
/opt/homebrew/Cellar/ruby/4.0.5/include/ruby-4.0.0/ruby/internal/core/rdata.h:368:31: note: expanded from macro 'rb_data_object_get_1'
  368 | #define rb_data_object_get_1  rb_data_object_get_warning
      |                               ^
/opt/homebrew/Cellar/ruby/4.0.5/include/ruby-4.0.0/ruby/internal/core/rdata.h:317:1: note: 'rb_data_object_get_warning' has been explicitly marked deprecated here
  317 | RBIMPL_ATTRSET_UNTYPED_DATA_FUNC()
      | ^
/opt/homebrew/Cellar/ruby/4.0.5/include/ruby-4.0.0/ruby/internal/core/rdata.h:47:5: note: expanded from macro 'RBIMPL_ATTRSET_UNTYPED_DATA_FUNC'
   47 |     RBIMPL_ATTR_DEPRECATED(("by TypedData"))
      |     ^
/opt/homebrew/Cellar/ruby/4.0.5/include/ruby-4.0.0/ruby/internal/attr/deprecated.h:36:53: note: expanded from macro 'RBIMPL_ATTR_DEPRECATED'
   36 | # define RBIMPL_ATTR_DEPRECATED(msg) __attribute__((__deprecated__ msg))
      |                                                     ^
8 warnings generated.
compiling database.c
database.c:27:10: warning: 'rb_data_object_wrap_warning' is deprecated: by TypedData [-Wdeprecated-declarations]
   27 |   return Data_Wrap_Struct(klass, NULL, deallocate, ctx);
      |          ^
/opt/homebrew/Cellar/ruby/4.0.5/include/ruby-4.0.0/ruby/internal/core/rdata.h:202:5: note: expanded from macro 'Data_Wrap_Struct'
  202 |     rb_data_object_wrap(                          \
      |     ^
/opt/homebrew/Cellar/ruby/4.0.5/include/ruby-4.0.0/ruby/internal/core/rdata.h:366:31: note: expanded from macro 'rb_data_object_wrap'
  366 | #define rb_data_object_wrap   RUBY_MACRO_SELECT(rb_data_object_wrap_2, RUBY_UNTYPED_DATA_WARNING)
      |                               ^
/opt/homebrew/Cellar/ruby/4.0.5/include/ruby-4.0.0/ruby/internal/core/rdata.h:50:35: note: expanded from macro 'RUBY_MACRO_SELECT'
   50 | #define RUBY_MACRO_SELECT(x, y)   RBIMPL_MACRO_SELECT(x, y)
      |                                   ^
/opt/homebrew/Cellar/ruby/4.0.5/include/ruby-4.0.0/ruby/internal/core/rdata.h:49:35: note: expanded from macro 'RBIMPL_MACRO_SELECT'
   49 | #define RBIMPL_MACRO_SELECT(x, y) x ## y
      |                                   ^
<scratch space>:135:1: note: expanded from here
  135 | rb_data_object_wrap_1
      | ^
/opt/homebrew/Cellar/ruby/4.0.5/include/ruby-4.0.0/ruby/internal/core/rdata.h:364:31: note: expanded from macro 'rb_data_object_wrap_1'
  364 | #define rb_data_object_wrap_1 rb_data_object_wrap_warning
      |                               ^
/opt/homebrew/Cellar/ruby/4.0.5/include/ruby-4.0.0/ruby/internal/core/rdata.h:280:1: note: 'rb_data_object_wrap_warning' has been explicitly marked deprecated here
  280 | RBIMPL_ATTRSET_UNTYPED_DATA_FUNC()
      | ^
/opt/homebrew/Cellar/ruby/4.0.5/include/ruby-4.0.0/ruby/internal/core/rdata.h:47:5: note: expanded from macro 'RBIMPL_ATTRSET_UNTYPED_DATA_FUNC'
   47 |     RBIMPL_ATTR_DEPRECATED(("by TypedData"))
      |     ^
/opt/homebrew/Cellar/ruby/4.0.5/include/ruby-4.0.0/ruby/internal/attr/deprecated.h:36:53: note: expanded from macro 'RBIMPL_ATTR_DEPRECATED'
   36 | # define RBIMPL_ATTR_DEPRECATED(msg) __attribute__((__deprecated__ msg))
      |                                                     ^
database.c:45:3: warning: 'rb_data_object_get_warning' is deprecated: by TypedData [-Wdeprecated-declarations]
   45 |   Data_Get_Struct(self, sqlite3Ruby, ctx);
      |   ^
/opt/homebrew/Cellar/ruby/4.0.5/include/ruby-4.0.0/ruby/internal/core/rdata.h:278:34: note: expanded from macro 'Data_Get_Struct'
  278 |     ((sval) = RBIMPL_CAST((type*)rb_data_object_get(obj)))
      |                                  ^
/opt/homebrew/Cellar/ruby/4.0.5/include/ruby-4.0.0/ruby/internal/core/rdata.h:370:31: note: expanded from macro 'rb_data_object_get'
  370 | #define rb_data_object_get    RUBY_MACRO_SELECT(rb_data_object_get_2, RUBY_UNTYPED_DATA_WARNING)
      |                               ^
/opt/homebrew/Cellar/ruby/4.0.5/include/ruby-4.0.0/ruby/internal/core/rdata.h:50:35: note: expanded from macro 'RUBY_MACRO_SELECT'
   50 | #define RUBY_MACRO_SELECT(x, y)   RBIMPL_MACRO_SELECT(x, y)
      |                                   ^
/opt/homebrew/Cellar/ruby/4.0.5/include/ruby-4.0.0/ruby/internal/core/rdata.h:49:35: note: expanded from macro 'RBIMPL_MACRO_SELECT'
   49 | #define RBIMPL_MACRO_SELECT(x, y) x ## y
      |                                   ^
<scratch space>:136:1: note: expanded from here
  136 | rb_data_object_get_1
      | ^
/opt/homebrew/Cellar/ruby/4.0.5/include/ruby-4.0.0/ruby/internal/core/rdata.h:368:31: note: expanded from macro 'rb_data_object_get_1'
  368 | #define rb_data_object_get_1  rb_data_object_get_warning
      |                               ^
/opt/homebrew/Cellar/ruby/4.0.5/include/ruby-4.0.0/ruby/internal/core/rdata.h:317:1: note: 'rb_data_object_get_warning' has been explicitly marked deprecated here
  317 | RBIMPL_ATTRSET_UNTYPED_DATA_FUNC()
      | ^
/opt/homebrew/Cellar/ruby/4.0.5/include/ruby-4.0.0/ruby/internal/core/rdata.h:47:5: note: expanded from macro 'RBIMPL_ATTRSET_UNTYPED_DATA_FUNC'
   47 |     RBIMPL_ATTR_DEPRECATED(("by TypedData"))
      |     ^
/opt/homebrew/Cellar/ruby/4.0.5/include/ruby-4.0.0/ruby/internal/attr/deprecated.h:36:53: note: expanded from macro 'RBIMPL_ATTR_DEPRECATED'
   36 | # define RBIMPL_ATTR_DEPRECATED(msg) __attribute__((__deprecated__ msg))
      |                                                     ^
database.c:72:3: warning: 'rb_data_object_get_warning' is deprecated: by TypedData [-Wdeprecated-declarations]
   72 |   Data_Get_Struct(self, sqlite3Ruby, ctx);
      |   ^
/opt/homebrew/Cellar/ruby/4.0.5/include/ruby-4.0.0/ruby/internal/core/rdata.h:278:34: note: expanded from macro 'Data_Get_Struct'
  278 |     ((sval) = RBIMPL_CAST((type*)rb_data_object_get(obj)))
      |                                  ^
/opt/homebrew/Cellar/ruby/4.0.5/include/ruby-4.0.0/ruby/internal/core/rdata.h:370:31: note: expanded from macro 'rb_data_object_get'
  370 | #define rb_data_object_get    RUBY_MACRO_SELECT(rb_data_object_get_2, RUBY_UNTYPED_DATA_WARNING)
      |                               ^
/opt/homebrew/Cellar/ruby/4.0.5/include/ruby-4.0.0/ruby/internal/core/rdata.h:50:35: note: expanded from macro 'RUBY_MACRO_SELECT'
   50 | #define RUBY_MACRO_SELECT(x, y)   RBIMPL_MACRO_SELECT(x, y)
      |                                   ^
/opt/homebrew/Cellar/ruby/4.0.5/include/ruby-4.0.0/ruby/internal/core/rdata.h:49:35: note: expanded from macro 'RBIMPL_MACRO_SELECT'
   49 | #define RBIMPL_MACRO_SELECT(x, y) x ## y
      |                                   ^
<scratch space>:137:1: note: expanded from here
  137 | rb_data_object_get_1
      | ^
/opt/homebrew/Cellar/ruby/4.0.5/include/ruby-4.0.0/ruby/internal/core/rdata.h:368:31: note: expanded from macro 'rb_data_object_get_1'
  368 | #define rb_data_object_get_1  rb_data_object_get_warning
      |                               ^
/opt/homebrew/Cellar/ruby/4.0.5/include/ruby-4.0.0/ruby/internal/core/rdata.h:317:1: note: 'rb_data_object_get_warning' has been explicitly marked deprecated here
  317 | RBIMPL_ATTRSET_UNTYPED_DATA_FUNC()
      | ^
/opt/homebrew/Cellar/ruby/4.0.5/include/ruby-4.0.0/ruby/internal/core/rdata.h:47:5: note: expanded from macro 'RBIMPL_ATTRSET_UNTYPED_DATA_FUNC'
   47 |     RBIMPL_ATTR_DEPRECATED(("by TypedData"))
      |     ^
/opt/homebrew/Cellar/ruby/4.0.5/include/ruby-4.0.0/ruby/internal/attr/deprecated.h:36:53: note: expanded from macro 'RBIMPL_ATTR_DEPRECATED'
   36 | # define RBIMPL_ATTR_DEPRECATED(msg) __attribute__((__deprecated__ msg))
      |                                                     ^
database.c:93:3: warning: 'rb_data_object_get_warning' is deprecated: by TypedData [-Wdeprecated-declarations]
   93 |   Data_Get_Struct(self, sqlite3Ruby, ctx);
      |   ^
/opt/homebrew/Cellar/ruby/4.0.5/include/ruby-4.0.0/ruby/internal/core/rdata.h:278:34: note: expanded from macro 'Data_Get_Struct'
  278 |     ((sval) = RBIMPL_CAST((type*)rb_data_object_get(obj)))
      |                                  ^
/opt/homebrew/Cellar/ruby/4.0.5/include/ruby-4.0.0/ruby/internal/core/rdata.h:370:31: note: expanded from macro 'rb_data_object_get'
  370 | #define rb_data_object_get    RUBY_MACRO_SELECT(rb_data_object_get_2, RUBY_UNTYPED_DATA_WARNING)
      |                               ^
/opt/homebrew/Cellar/ruby/4.0.5/include/ruby-4.0.0/ruby/internal/core/rdata.h:50:35: note: expanded from macro 'RUBY_MACRO_SELECT'
   50 | #define RUBY_MACRO_SELECT(x, y)   RBIMPL_MACRO_SELECT(x, y)
      |                                   ^
/opt/homebrew/Cellar/ruby/4.0.5/include/ruby-4.0.0/ruby/internal/core/rdata.h:49:35: note: expanded from macro 'RBIMPL_MACRO_SELECT'
   49 | #define RBIMPL_MACRO_SELECT(x, y) x ## y
      |                                   ^
<scratch space>:138:1: note: expanded from here
  138 | rb_data_object_get_1
      | ^
/opt/homebrew/Cellar/ruby/4.0.5/include/ruby-4.0.0/ruby/internal/core/rdata.h:368:31: note: expanded from macro 'rb_data_object_get_1'
  368 | #define rb_data_object_get_1  rb_data_object_get_warning
      |                               ^
/opt/homebrew/Cellar/ruby/4.0.5/include/ruby-4.0.0/ruby/internal/core/rdata.h:317:1: note: 'rb_data_object_get_warning' has been explicitly marked deprecated here
  317 | RBIMPL_ATTRSET_UNTYPED_DATA_FUNC()
      | ^
/opt/homebrew/Cellar/ruby/4.0.5/include/ruby-4.0.0/ruby/internal/core/rdata.h:47:5: note: expanded from macro 'RBIMPL_ATTRSET_UNTYPED_DATA_FUNC'
   47 |     RBIMPL_ATTR_DEPRECATED(("by TypedData"))
      |     ^
/opt/homebrew/Cellar/ruby/4.0.5/include/ruby-4.0.0/ruby/internal/attr/deprecated.h:36:53: note: expanded from macro 'RBIMPL_ATTR_DEPRECATED'
   36 | # define RBIMPL_ATTR_DEPRECATED(msg) __attribute__((__deprecated__ msg))
      |                                                     ^
database.c:112:3: warning: 'rb_data_object_get_warning' is deprecated: by TypedData [-Wdeprecated-declarations]
  112 |   Data_Get_Struct(self, sqlite3Ruby, ctx);
      |   ^
/opt/homebrew/Cellar/ruby/4.0.5/include/ruby-4.0.0/ruby/internal/core/rdata.h:278:34: note: expanded from macro 'Data_Get_Struct'
  278 |     ((sval) = RBIMPL_CAST((type*)rb_data_object_get(obj)))
      |                                  ^
/opt/homebrew/Cellar/ruby/4.0.5/include/ruby-4.0.0/ruby/internal/core/rdata.h:370:31: note: expanded from macro 'rb_data_object_get'
  370 | #define rb_data_object_get    RUBY_MACRO_SELECT(rb_data_object_get_2, RUBY_UNTYPED_DATA_WARNING)
      |                               ^
/opt/homebrew/Cellar/ruby/4.0.5/include/ruby-4.0.0/ruby/internal/core/rdata.h:50:35: note: expanded from macro 'RUBY_MACRO_SELECT'
   50 | #define RUBY_MACRO_SELECT(x, y)   RBIMPL_MACRO_SELECT(x, y)
      |                                   ^
/opt/homebrew/Cellar/ruby/4.0.5/include/ruby-4.0.0/ruby/internal/core/rdata.h:49:35: note: expanded from macro 'RBIMPL_MACRO_SELECT'
   49 | #define RBIMPL_MACRO_SELECT(x, y) x ## y
      |                                   ^
<scratch space>:139:1: note: expanded from here
  139 | rb_data_object_get_1
      | ^
/opt/homebrew/Cellar/ruby/4.0.5/include/ruby-4.0.0/ruby/internal/core/rdata.h:368:31: note: expanded from macro 'rb_data_object_get_1'
  368 | #define rb_data_object_get_1  rb_data_object_get_warning
      |                               ^
/opt/homebrew/Cellar/ruby/4.0.5/include/ruby-4.0.0/ruby/internal/core/rdata.h:317:1: note: 'rb_data_object_get_warning' has been explicitly marked deprecated here
  317 | RBIMPL_ATTRSET_UNTYPED_DATA_FUNC()
      | ^
/opt/homebrew/Cellar/ruby/4.0.5/include/ruby-4.0.0/ruby/internal/core/rdata.h:47:5: note: expanded from macro 'RBIMPL_ATTRSET_UNTYPED_DATA_FUNC'
   47 |     RBIMPL_ATTR_DEPRECATED(("by TypedData"))
      |     ^
/opt/homebrew/Cellar/ruby/4.0.5/include/ruby-4.0.0/ruby/internal/attr/deprecated.h:36:53: note: expanded from macro 'RBIMPL_ATTR_DEPRECATED'
   36 | # define RBIMPL_ATTR_DEPRECATED(msg) __attribute__((__deprecated__ msg))
      |                                                     ^
database.c:127:3: warning: 'rb_data_object_get_warning' is deprecated: by TypedData [-Wdeprecated-declarations]
  127 |   Data_Get_Struct(self, sqlite3Ruby, ctx);
      |   ^
/opt/homebrew/Cellar/ruby/4.0.5/include/ruby-4.0.0/ruby/internal/core/rdata.h:278:34: note: expanded from macro 'Data_Get_Struct'
  278 |     ((sval) = RBIMPL_CAST((type*)rb_data_object_get(obj)))
      |                                  ^
/opt/homebrew/Cellar/ruby/4.0.5/include/ruby-4.0.0/ruby/internal/core/rdata.h:370:31: note: expanded from macro 'rb_data_object_get'
  370 | #define rb_data_object_get    RUBY_MACRO_SELECT(rb_data_object_get_2, RUBY_UNTYPED_DATA_WARNING)
      |                               ^
/opt/homebrew/Cellar/ruby/4.0.5/include/ruby-4.0.0/ruby/internal/core/rdata.h:50:35: note: expanded from macro 'RUBY_MACRO_SELECT'
   50 | #define RUBY_MACRO_SELECT(x, y)   RBIMPL_MACRO_SELECT(x, y)
      |                                   ^
/opt/homebrew/Cellar/ruby/4.0.5/include/ruby-4.0.0/ruby/internal/core/rdata.h:49:35: note: expanded from macro 'RBIMPL_MACRO_SELECT'
   49 | #define RBIMPL_MACRO_SELECT(x, y) x ## y
      |                                   ^
<scratch space>:140:1: note: expanded from here
  140 | rb_data_object_get_1
      | ^
/opt/homebrew/Cellar/ruby/4.0.5/include/ruby-4.0.0/ruby/internal/core/rdata.h:368:31: note: expanded from macro 'rb_data_object_get_1'
  368 | #define rb_data_object_get_1  rb_data_object_get_warning
      |                               ^
/opt/homebrew/Cellar/ruby/4.0.5/include/ruby-4.0.0/ruby/internal/core/rdata.h:317:1: note: 'rb_data_object_get_warning' has been explicitly marked deprecated here
  317 | RBIMPL_ATTRSET_UNTYPED_DATA_FUNC()
      | ^
/opt/homebrew/Cellar/ruby/4.0.5/include/ruby-4.0.0/ruby/internal/core/rdata.h:47:5: note: expanded from macro 'RBIMPL_ATTRSET_UNTYPED_DATA_FUNC'
   47 |     RBIMPL_ATTR_DEPRECATED(("by TypedData"))
      |     ^
/opt/homebrew/Cellar/ruby/4.0.5/include/ruby-4.0.0/ruby/internal/attr/deprecated.h:36:53: note: expanded from macro 'RBIMPL_ATTR_DEPRECATED'
   36 | # define RBIMPL_ATTR_DEPRECATED(msg) __attribute__((__deprecated__ msg))
      |                                                     ^
database.c:153:3: warning: 'rb_data_object_get_warning' is deprecated: by TypedData [-Wdeprecated-declarations]
  153 |   Data_Get_Struct(self, sqlite3Ruby, ctx);
      |   ^
/opt/homebrew/Cellar/ruby/4.0.5/include/ruby-4.0.0/ruby/internal/core/rdata.h:278:34: note: expanded from macro 'Data_Get_Struct'
  278 |     ((sval) = RBIMPL_CAST((type*)rb_data_object_get(obj)))
      |                                  ^
/opt/homebrew/Cellar/ruby/4.0.5/include/ruby-4.0.0/ruby/internal/core/rdata.h:370:31: note: expanded from macro 'rb_data_object_get'
  370 | #define rb_data_object_get    RUBY_MACRO_SELECT(rb_data_object_get_2, RUBY_UNTYPED_DATA_WARNING)
      |                               ^
/opt/homebrew/Cellar/ruby/4.0.5/include/ruby-4.0.0/ruby/internal/core/rdata.h:50:35: note: expanded from macro 'RUBY_MACRO_SELECT'
   50 | #define RUBY_MACRO_SELECT(x, y)   RBIMPL_MACRO_SELECT(x, y)
      |                                   ^
/opt/homebrew/Cellar/ruby/4.0.5/include/ruby-4.0.0/ruby/internal/core/rdata.h:49:35: note: expanded from macro 'RBIMPL_MACRO_SELECT'
   49 | #define RBIMPL_MACRO_SELECT(x, y) x ## y
      |                                   ^
<scratch space>:141:1: note: expanded from here
  141 | rb_data_object_get_1
      | ^
/opt/homebrew/Cellar/ruby/4.0.5/include/ruby-4.0.0/ruby/internal/core/rdata.h:368:31: note: expanded from macro 'rb_data_object_get_1'
  368 | #define rb_data_object_get_1  rb_data_object_get_warning
      |                               ^
/opt/homebrew/Cellar/ruby/4.0.5/include/ruby-4.0.0/ruby/internal/core/rdata.h:317:1: note: 'rb_data_object_get_warning' has been explicitly marked deprecated here
  317 | RBIMPL_ATTRSET_UNTYPED_DATA_FUNC()
      | ^
/opt/homebrew/Cellar/ruby/4.0.5/include/ruby-4.0.0/ruby/internal/core/rdata.h:47:5: note: expanded from macro 'RBIMPL_ATTRSET_UNTYPED_DATA_FUNC'
   47 |     RBIMPL_ATTR_DEPRECATED(("by TypedData"))
      |     ^
/opt/homebrew/Cellar/ruby/4.0.5/include/ruby-4.0.0/ruby/internal/attr/deprecated.h:36:53: note: expanded from macro 'RBIMPL_ATTR_DEPRECATED'
   36 | # define RBIMPL_ATTR_DEPRECATED(msg) __attribute__((__deprecated__ msg))
      |                                                     ^
database.c:198:3: warning: 'rb_data_object_get_warning' is deprecated: by TypedData [-Wdeprecated-declarations]
  198 |   Data_Get_Struct(self, sqlite3Ruby, ctx);
      |   ^
/opt/homebrew/Cellar/ruby/4.0.5/include/ruby-4.0.0/ruby/internal/core/rdata.h:278:34: note: expanded from macro 'Data_Get_Struct'
  278 |     ((sval) = RBIMPL_CAST((type*)rb_data_object_get(obj)))
      |                                  ^
/opt/homebrew/Cellar/ruby/4.0.5/include/ruby-4.0.0/ruby/internal/core/rdata.h:370:31: note: expanded from macro 'rb_data_object_get'
  370 | #define rb_data_object_get    RUBY_MACRO_SELECT(rb_data_object_get_2, RUBY_UNTYPED_DATA_WARNING)
      |                               ^
/opt/homebrew/Cellar/ruby/4.0.5/include/ruby-4.0.0/ruby/internal/core/rdata.h:50:35: note: expanded from macro 'RUBY_MACRO_SELECT'
   50 | #define RUBY_MACRO_SELECT(x, y)   RBIMPL_MACRO_SELECT(x, y)
      |                                   ^
/opt/homebrew/Cellar/ruby/4.0.5/include/ruby-4.0.0/ruby/internal/core/rdata.h:49:35: note: expanded from macro 'RBIMPL_MACRO_SELECT'
   49 | #define RBIMPL_MACRO_SELECT(x, y) x ## y
      |                                   ^
<scratch space>:142:1: note: expanded from here
  142 | rb_data_object_get_1
      | ^
/opt/homebrew/Cellar/ruby/4.0.5/include/ruby-4.0.0/ruby/internal/core/rdata.h:368:31: note: expanded from macro 'rb_data_object_get_1'
  368 | #define rb_data_object_get_1  rb_data_object_get_warning
      |                               ^
/opt/homebrew/Cellar/ruby/4.0.5/include/ruby-4.0.0/ruby/internal/core/rdata.h:317:1: note: 'rb_data_object_get_warning' has been explicitly marked deprecated here
  317 | RBIMPL_ATTRSET_UNTYPED_DATA_FUNC()
      | ^
/opt/homebrew/Cellar/ruby/4.0.5/include/ruby-4.0.0/ruby/internal/core/rdata.h:47:5: note: expanded from macro 'RBIMPL_ATTRSET_UNTYPED_DATA_FUNC'
   47 |     RBIMPL_ATTR_DEPRECATED(("by TypedData"))
      |     ^
/opt/homebrew/Cellar/ruby/4.0.5/include/ruby-4.0.0/ruby/internal/attr/deprecated.h:36:53: note: expanded from macro 'RBIMPL_ATTR_DEPRECATED'
   36 | # define RBIMPL_ATTR_DEPRECATED(msg) __attribute__((__deprecated__ msg))
      |                                                     ^
database.c:223:3: warning: 'rb_data_object_get_warning' is deprecated: by TypedData [-Wdeprecated-declarations]
  223 |   Data_Get_Struct(self, sqlite3Ruby, ctx);
      |   ^
/opt/homebrew/Cellar/ruby/4.0.5/include/ruby-4.0.0/ruby/internal/core/rdata.h:278:34: note: expanded from macro 'Data_Get_Struct'
  278 |     ((sval) = RBIMPL_CAST((type*)rb_data_object_get(obj)))
      |                                  ^
/opt/homebrew/Cellar/ruby/4.0.5/include/ruby-4.0.0/ruby/internal/core/rdata.h:370:31: note: expanded from macro 'rb_data_object_get'
  370 | #define rb_data_object_get    RUBY_MACRO_SELECT(rb_data_object_get_2, RUBY_UNTYPED_DATA_WARNING)
      |                               ^
/opt/homebrew/Cellar/ruby/4.0.5/include/ruby-4.0.0/ruby/internal/core/rdata.h:50:35: note: expanded from macro 'RUBY_MACRO_SELECT'
   50 | #define RUBY_MACRO_SELECT(x, y)   RBIMPL_MACRO_SELECT(x, y)
      |                                   ^
/opt/homebrew/Cellar/ruby/4.0.5/include/ruby-4.0.0/ruby/internal/core/rdata.h:49:35: note: expanded from macro 'RBIMPL_MACRO_SELECT'
   49 | #define RBIMPL_MACRO_SELECT(x, y) x ## y
      |                                   ^
<scratch space>:143:1: note: expanded from here
  143 | rb_data_object_get_1
      | ^
/opt/homebrew/Cellar/ruby/4.0.5/include/ruby-4.0.0/ruby/internal/core/rdata.h:368:31: note: expanded from macro 'rb_data_object_get_1'
  368 | #define rb_data_object_get_1  rb_data_object_get_warning
      |                               ^
/opt/homebrew/Cellar/ruby/4.0.5/include/ruby-4.0.0/ruby/internal/core/rdata.h:317:1: note: 'rb_data_object_get_warning' has been explicitly marked deprecated here
  317 | RBIMPL_ATTRSET_UNTYPED_DATA_FUNC()
      | ^
/opt/homebrew/Cellar/ruby/4.0.5/include/ruby-4.0.0/ruby/internal/core/rdata.h:47:5: note: expanded from macro 'RBIMPL_ATTRSET_UNTYPED_DATA_FUNC'
   47 |     RBIMPL_ATTR_DEPRECATED(("by TypedData"))
      |     ^
/opt/homebrew/Cellar/ruby/4.0.5/include/ruby-4.0.0/ruby/internal/attr/deprecated.h:36:53: note: expanded from macro 'RBIMPL_ATTR_DEPRECATED'
   36 | # define RBIMPL_ATTR_DEPRECATED(msg) __attribute__((__deprecated__ msg))
      |                                                     ^
database.c:343:3: warning: 'rb_data_object_get_warning' is deprecated: by TypedData [-Wdeprecated-declarations]
  343 |   Data_Get_Struct(self, sqlite3Ruby, ctx);
      |   ^
/opt/homebrew/Cellar/ruby/4.0.5/include/ruby-4.0.0/ruby/internal/core/rdata.h:278:34: note: expanded from macro 'Data_Get_Struct'
  278 |     ((sval) = RBIMPL_CAST((type*)rb_data_object_get(obj)))
      |                                  ^
/opt/homebrew/Cellar/ruby/4.0.5/include/ruby-4.0.0/ruby/internal/core/rdata.h:370:31: note: expanded from macro 'rb_data_object_get'
  370 | #define rb_data_object_get    RUBY_MACRO_SELECT(rb_data_object_get_2, RUBY_UNTYPED_DATA_WARNING)
      |                               ^
/opt/homebrew/Cellar/ruby/4.0.5/include/ruby-4.0.0/ruby/internal/core/rdata.h:50:35: note: expanded from macro 'RUBY_MACRO_SELECT'
   50 | #define RUBY_MACRO_SELECT(x, y)   RBIMPL_MACRO_SELECT(x, y)
      |                                   ^
/opt/homebrew/Cellar/ruby/4.0.5/include/ruby-4.0.0/ruby/internal/core/rdata.h:49:35: note: expanded from macro 'RBIMPL_MACRO_SELECT'
   49 | #define RBIMPL_MACRO_SELECT(x, y) x ## y
      |                                   ^
<scratch space>:144:1: note: expanded from here
  144 | rb_data_object_get_1
      | ^
/opt/homebrew/Cellar/ruby/4.0.5/include/ruby-4.0.0/ruby/internal/core/rdata.h:368:31: note: expanded from macro 'rb_data_object_get_1'
  368 | #define rb_data_object_get_1  rb_data_object_get_warning
      |                               ^
/opt/homebrew/Cellar/ruby/4.0.5/include/ruby-4.0.0/ruby/internal/core/rdata.h:317:1: note: 'rb_data_object_get_warning' has been explicitly marked deprecated here
  317 | RBIMPL_ATTRSET_UNTYPED_DATA_FUNC()
      | ^
/opt/homebrew/Cellar/ruby/4.0.5/include/ruby-4.0.0/ruby/internal/core/rdata.h:47:5: note: expanded from macro 'RBIMPL_ATTRSET_UNTYPED_DATA_FUNC'
   47 |     RBIMPL_ATTR_DEPRECATED(("by TypedData"))
      |     ^
/opt/homebrew/Cellar/ruby/4.0.5/include/ruby-4.0.0/ruby/internal/attr/deprecated.h:36:53: note: expanded from macro 'RBIMPL_ATTR_DEPRECATED'
   36 | # define RBIMPL_ATTR_DEPRECATED(msg) __attribute__((__deprecated__ msg))
      |                                                     ^
database.c:383:3: warning: 'rb_data_object_get_warning' is deprecated: by TypedData [-Wdeprecated-declarations]
  383 |   Data_Get_Struct(self, sqlite3Ruby, ctx);
      |   ^
/opt/homebrew/Cellar/ruby/4.0.5/include/ruby-4.0.0/ruby/internal/core/rdata.h:278:34: note: expanded from macro 'Data_Get_Struct'
  278 |     ((sval) = RBIMPL_CAST((type*)rb_data_object_get(obj)))
      |                                  ^
/opt/homebrew/Cellar/ruby/4.0.5/include/ruby-4.0.0/ruby/internal/core/rdata.h:370:31: note: expanded from macro 'rb_data_object_get'
  370 | #define rb_data_object_get    RUBY_MACRO_SELECT(rb_data_object_get_2, RUBY_UNTYPED_DATA_WARNING)
      |                               ^
/opt/homebrew/Cellar/ruby/4.0.5/include/ruby-4.0.0/ruby/internal/core/rdata.h:50:35: note: expanded from macro 'RUBY_MACRO_SELECT'
   50 | #define RUBY_MACRO_SELECT(x, y)   RBIMPL_MACRO_SELECT(x, y)
      |                                   ^
/opt/homebrew/Cellar/ruby/4.0.5/include/ruby-4.0.0/ruby/internal/core/rdata.h:49:35: note: expanded from macro 'RBIMPL_MACRO_SELECT'
   49 | #define RBIMPL_MACRO_SELECT(x, y) x ## y
      |                                   ^
<scratch space>:145:1: note: expanded from here
  145 | rb_data_object_get_1
      | ^
/opt/homebrew/Cellar/ruby/4.0.5/include/ruby-4.0.0/ruby/internal/core/rdata.h:368:31: note: expanded from macro 'rb_data_object_get_1'
  368 | #define rb_data_object_get_1  rb_data_object_get_warning
      |                               ^
/opt/homebrew/Cellar/ruby/4.0.5/include/ruby-4.0.0/ruby/internal/core/rdata.h:317:1: note: 'rb_data_object_get_warning' has been explicitly marked deprecated here
  317 | RBIMPL_ATTRSET_UNTYPED_DATA_FUNC()
      | ^
/opt/homebrew/Cellar/ruby/4.0.5/include/ruby-4.0.0/ruby/internal/core/rdata.h:47:5: note: expanded from macro 'RBIMPL_ATTRSET_UNTYPED_DATA_FUNC'
   47 |     RBIMPL_ATTR_DEPRECATED(("by TypedData"))
      |     ^
/opt/homebrew/Cellar/ruby/4.0.5/include/ruby-4.0.0/ruby/internal/attr/deprecated.h:36:53: note: expanded from macro 'RBIMPL_ATTR_DEPRECATED'
   36 | # define RBIMPL_ATTR_DEPRECATED(msg) __attribute__((__deprecated__ msg))
      |                                                     ^
database.c:399:3: warning: 'rb_data_object_get_warning' is deprecated: by TypedData [-Wdeprecated-declarations]
  399 |   Data_Get_Struct(self, sqlite3Ruby, ctx);
      |   ^
/opt/homebrew/Cellar/ruby/4.0.5/include/ruby-4.0.0/ruby/internal/core/rdata.h:278:34: note: expanded from macro 'Data_Get_Struct'
  278 |     ((sval) = RBIMPL_CAST((type*)rb_data_object_get(obj)))
      |                                  ^
/opt/homebrew/Cellar/ruby/4.0.5/include/ruby-4.0.0/ruby/internal/core/rdata.h:370:31: note: expanded from macro 'rb_data_object_get'
  370 | #define rb_data_object_get    RUBY_MACRO_SELECT(rb_data_object_get_2, RUBY_UNTYPED_DATA_WARNING)
      |                               ^
/opt/homebrew/Cellar/ruby/4.0.5/include/ruby-4.0.0/ruby/internal/core/rdata.h:50:35: note: expanded from macro 'RUBY_MACRO_SELECT'
   50 | #define RUBY_MACRO_SELECT(x, y)   RBIMPL_MACRO_SELECT(x, y)
      |                                   ^
/opt/homebrew/Cellar/ruby/4.0.5/include/ruby-4.0.0/ruby/internal/core/rdata.h:49:35: note: expanded from macro 'RBIMPL_MACRO_SELECT'
   49 | #define RBIMPL_MACRO_SELECT(x, y) x ## y
      |                                   ^
<scratch space>:146:1: note: expanded from here
  146 | rb_data_object_get_1
      | ^
/opt/homebrew/Cellar/ruby/4.0.5/include/ruby-4.0.0/ruby/internal/core/rdata.h:368:31: note: expanded from macro 'rb_data_object_get_1'
  368 | #define rb_data_object_get_1  rb_data_object_get_warning
      |                               ^
/opt/homebrew/Cellar/ruby/4.0.5/include/ruby-4.0.0/ruby/internal/core/rdata.h:317:1: note: 'rb_data_object_get_warning' has been explicitly marked deprecated here
  317 | RBIMPL_ATTRSET_UNTYPED_DATA_FUNC()
      | ^
/opt/homebrew/Cellar/ruby/4.0.5/include/ruby-4.0.0/ruby/internal/core/rdata.h:47:5: note: expanded from macro 'RBIMPL_ATTRSET_UNTYPED_DATA_FUNC'
   47 |     RBIMPL_ATTR_DEPRECATED(("by TypedData"))
      |     ^
/opt/homebrew/Cellar/ruby/4.0.5/include/ruby-4.0.0/ruby/internal/attr/deprecated.h:36:53: note: expanded from macro 'RBIMPL_ATTR_DEPRECATED'
   36 | # define RBIMPL_ATTR_DEPRECATED(msg) __attribute__((__deprecated__ msg))
      |                                                     ^
database.c:413:3: warning: 'rb_data_object_get_warning' is deprecated: by TypedData [-Wdeprecated-declarations]
  413 |   Data_Get_Struct(self, sqlite3Ruby, ctx);
      |   ^
/opt/homebrew/Cellar/ruby/4.0.5/include/ruby-4.0.0/ruby/internal/core/rdata.h:278:34: note: expanded from macro 'Data_Get_Struct'
  278 |     ((sval) = RBIMPL_CAST((type*)rb_data_object_get(obj)))
      |                                  ^
/opt/homebrew/Cellar/ruby/4.0.5/include/ruby-4.0.0/ruby/internal/core/rdata.h:370:31: note: expanded from macro 'rb_data_object_get'
  370 | #define rb_data_object_get    RUBY_MACRO_SELECT(rb_data_object_get_2, RUBY_UNTYPED_DATA_WARNING)
      |                               ^
/opt/homebrew/Cellar/ruby/4.0.5/include/ruby-4.0.0/ruby/internal/core/rdata.h:50:35: note: expanded from macro 'RUBY_MACRO_SELECT'
   50 | #define RUBY_MACRO_SELECT(x, y)   RBIMPL_MACRO_SELECT(x, y)
      |                                   ^
/opt/homebrew/Cellar/ruby/4.0.5/include/ruby-4.0.0/ruby/internal/core/rdata.h:49:35: note: expanded from macro 'RBIMPL_MACRO_SELECT'
   49 | #define RBIMPL_MACRO_SELECT(x, y) x ## y
      |                                   ^
<scratch space>:147:1: note: expanded from here
  147 | rb_data_object_get_1
      | ^
/opt/homebrew/Cellar/ruby/4.0.5/include/ruby-4.0.0/ruby/internal/core/rdata.h:368:31: note: expanded from macro 'rb_data_object_get_1'
  368 | #define rb_data_object_get_1  rb_data_object_get_warning
      |                               ^
/opt/homebrew/Cellar/ruby/4.0.5/include/ruby-4.0.0/ruby/internal/core/rdata.h:317:1: note: 'rb_data_object_get_warning' has been explicitly marked deprecated here
  317 | RBIMPL_ATTRSET_UNTYPED_DATA_FUNC()
      | ^
/opt/homebrew/Cellar/ruby/4.0.5/include/ruby-4.0.0/ruby/internal/core/rdata.h:47:5: note: expanded from macro 'RBIMPL_ATTRSET_UNTYPED_DATA_FUNC'
   47 |     RBIMPL_ATTR_DEPRECATED(("by TypedData"))
      |     ^
/opt/homebrew/Cellar/ruby/4.0.5/include/ruby-4.0.0/ruby/internal/attr/deprecated.h:36:53: note: expanded from macro 'RBIMPL_ATTR_DEPRECATED'
   36 | # define RBIMPL_ATTR_DEPRECATED(msg) __attribute__((__deprecated__ msg))
      |                                                     ^
database.c:441:3: warning: 'rb_data_object_get_warning' is deprecated: by TypedData [-Wdeprecated-declarations]
  441 |   Data_Get_Struct(self, sqlite3Ruby, ctx);
      |   ^
/opt/homebrew/Cellar/ruby/4.0.5/include/ruby-4.0.0/ruby/internal/core/rdata.h:278:34: note: expanded from macro 'Data_Get_Struct'
  278 |     ((sval) = RBIMPL_CAST((type*)rb_data_object_get(obj)))
      |                                  ^
/opt/homebrew/Cellar/ruby/4.0.5/include/ruby-4.0.0/ruby/internal/core/rdata.h:370:31: note: expanded from macro 'rb_data_object_get'
  370 | #define rb_data_object_get    RUBY_MACRO_SELECT(rb_data_object_get_2, RUBY_UNTYPED_DATA_WARNING)
      |                               ^
/opt/homebrew/Cellar/ruby/4.0.5/include/ruby-4.0.0/ruby/internal/core/rdata.h:50:35: note: expanded from macro 'RUBY_MACRO_SELECT'
   50 | #define RUBY_MACRO_SELECT(x, y)   RBIMPL_MACRO_SELECT(x, y)
      |                                   ^
/opt/homebrew/Cellar/ruby/4.0.5/include/ruby-4.0.0/ruby/internal/core/rdata.h:49:35: note: expanded from macro 'RBIMPL_MACRO_SELECT'
   49 | #define RBIMPL_MACRO_SELECT(x, y) x ## y
      |                                   ^
<scratch space>:149:1: note: expanded from here
  149 | rb_data_object_get_1
      | ^
/opt/homebrew/Cellar/ruby/4.0.5/include/ruby-4.0.0/ruby/internal/core/rdata.h:368:31: note: expanded from macro 'rb_data_object_get_1'
  368 | #define rb_data_object_get_1  rb_data_object_get_warning
      |                               ^
/opt/homebrew/Cellar/ruby/4.0.5/include/ruby-4.0.0/ruby/internal/core/rdata.h:317:1: note: 'rb_data_object_get_warning' has been explicitly marked deprecated here
  317 | RBIMPL_ATTRSET_UNTYPED_DATA_FUNC()
      | ^
/opt/homebrew/Cellar/ruby/4.0.5/include/ruby-4.0.0/ruby/internal/core/rdata.h:47:5: note: expanded from macro 'RBIMPL_ATTRSET_UNTYPED_DATA_FUNC'
   47 |     RBIMPL_ATTR_DEPRECATED(("by TypedData"))
      |     ^
/opt/homebrew/Cellar/ruby/4.0.5/include/ruby-4.0.0/ruby/internal/attr/deprecated.h:36:53: note: expanded from macro 'RBIMPL_ATTR_DEPRECATED'
   36 | # define RBIMPL_ATTR_DEPRECATED(msg) __attribute__((__deprecated__ msg))
      |                                                     ^
database.c:486:3: warning: 'rb_data_object_get_warning' is deprecated: by TypedData [-Wdeprecated-declarations]
  486 |   Data_Get_Struct(self, sqlite3Ruby, ctx);
      |   ^
/opt/homebrew/Cellar/ruby/4.0.5/include/ruby-4.0.0/ruby/internal/core/rdata.h:278:34: note: expanded from macro 'Data_Get_Struct'
  278 |     ((sval) = RBIMPL_CAST((type*)rb_data_object_get(obj)))
      |                                  ^
/opt/homebrew/Cellar/ruby/4.0.5/include/ruby-4.0.0/ruby/internal/core/rdata.h:370:31: note: expanded from macro 'rb_data_object_get'
  370 | #define rb_data_object_get    RUBY_MACRO_SELECT(rb_data_object_get_2, RUBY_UNTYPED_DATA_WARNING)
      |                               ^
/opt/homebrew/Cellar/ruby/4.0.5/include/ruby-4.0.0/ruby/internal/core/rdata.h:50:35: note: expanded from macro 'RUBY_MACRO_SELECT'
   50 | #define RUBY_MACRO_SELECT(x, y)   RBIMPL_MACRO_SELECT(x, y)
      |                                   ^
/opt/homebrew/Cellar/ruby/4.0.5/include/ruby-4.0.0/ruby/internal/core/rdata.h:49:35: note: expanded from macro 'RBIMPL_MACRO_SELECT'
   49 | #define RBIMPL_MACRO_SELECT(x, y) x ## y
      |                                   ^
<scratch space>:150:1: note: expanded from here
  150 | rb_data_object_get_1
      | ^
/opt/homebrew/Cellar/ruby/4.0.5/include/ruby-4.0.0/ruby/internal/core/rdata.h:368:31: note: expanded from macro 'rb_data_object_get_1'
  368 | #define rb_data_object_get_1  rb_data_object_get_warning
      |                               ^
/opt/homebrew/Cellar/ruby/4.0.5/include/ruby-4.0.0/ruby/internal/core/rdata.h:317:1: note: 'rb_data_object_get_warning' has been explicitly marked deprecated here
  317 | RBIMPL_ATTRSET_UNTYPED_DATA_FUNC()
      | ^
/opt/homebrew/Cellar/ruby/4.0.5/include/ruby-4.0.0/ruby/internal/core/rdata.h:47:5: note: expanded from macro 'RBIMPL_ATTRSET_UNTYPED_DATA_FUNC'
   47 |     RBIMPL_ATTR_DEPRECATED(("by TypedData"))
      |     ^
/opt/homebrew/Cellar/ruby/4.0.5/include/ruby-4.0.0/ruby/internal/attr/deprecated.h:36:53: note: expanded from macro 'RBIMPL_ATTR_DEPRECATED'
   36 | # define RBIMPL_ATTR_DEPRECATED(msg) __attribute__((__deprecated__ msg))
      |                                                     ^
database.c:513:3: warning: 'rb_data_object_get_warning' is deprecated: by TypedData [-Wdeprecated-declarations]
  513 |   Data_Get_Struct(self, sqlite3Ruby, ctx);
      |   ^
/opt/homebrew/Cellar/ruby/4.0.5/include/ruby-4.0.0/ruby/internal/core/rdata.h:278:34: note: expanded from macro 'Data_Get_Struct'
  278 |     ((sval) = RBIMPL_CAST((type*)rb_data_object_get(obj)))
      |                                  ^
/opt/homebrew/Cellar/ruby/4.0.5/include/ruby-4.0.0/ruby/internal/core/rdata.h:370:31: note: expanded from macro 'rb_data_object_get'
  370 | #define rb_data_object_get    RUBY_MACRO_SELECT(rb_data_object_get_2, RUBY_UNTYPED_DATA_WARNING)
      |                               ^
/opt/homebrew/Cellar/ruby/4.0.5/include/ruby-4.0.0/ruby/internal/core/rdata.h:50:35: note: expanded from macro 'RUBY_MACRO_SELECT'
   50 | #define RUBY_MACRO_SELECT(x, y)   RBIMPL_MACRO_SELECT(x, y)
      |                                   ^
/opt/homebrew/Cellar/ruby/4.0.5/include/ruby-4.0.0/ruby/internal/core/rdata.h:49:35: note: expanded from macro 'RBIMPL_MACRO_SELECT'
   49 | #define RBIMPL_MACRO_SELECT(x, y) x ## y
      |                                   ^
<scratch space>:151:1: note: expanded from here
  151 | rb_data_object_get_1
      | ^
/opt/homebrew/Cellar/ruby/4.0.5/include/ruby-4.0.0/ruby/internal/core/rdata.h:368:31: note: expanded from macro 'rb_data_object_get_1'
  368 | #define rb_data_object_get_1  rb_data_object_get_warning
      |                               ^
/opt/homebrew/Cellar/ruby/4.0.5/include/ruby-4.0.0/ruby/internal/core/rdata.h:317:1: note: 'rb_data_object_get_warning' has been explicitly marked deprecated here
  317 | RBIMPL_ATTRSET_UNTYPED_DATA_FUNC()
      | ^
/opt/homebrew/Cellar/ruby/4.0.5/include/ruby-4.0.0/ruby/internal/core/rdata.h:47:5: note: expanded from macro 'RBIMPL_ATTRSET_UNTYPED_DATA_FUNC'
   47 |     RBIMPL_ATTR_DEPRECATED(("by TypedData"))
      |     ^
/opt/homebrew/Cellar/ruby/4.0.5/include/ruby-4.0.0/ruby/internal/attr/deprecated.h:36:53: note: expanded from macro 'RBIMPL_ATTR_DEPRECATED'
   36 | # define RBIMPL_ATTR_DEPRECATED(msg) __attribute__((__deprecated__ msg))
      |                                                     ^
database.c:529:3: warning: 'rb_data_object_get_warning' is deprecated: by TypedData [-Wdeprecated-declarations]
  529 |   Data_Get_Struct(self, sqlite3Ruby, ctx);
      |   ^
/opt/homebrew/Cellar/ruby/4.0.5/include/ruby-4.0.0/ruby/internal/core/rdata.h:278:34: note: expanded from macro 'Data_Get_Struct'
  278 |     ((sval) = RBIMPL_CAST((type*)rb_data_object_get(obj)))
      |                                  ^
/opt/homebrew/Cellar/ruby/4.0.5/include/ruby-4.0.0/ruby/internal/core/rdata.h:370:31: note: expanded from macro 'rb_data_object_get'
  370 | #define rb_data_object_get    RUBY_MACRO_SELECT(rb_data_object_get_2, RUBY_UNTYPED_DATA_WARNING)
      |                               ^
/opt/homebrew/Cellar/ruby/4.0.5/include/ruby-4.0.0/ruby/internal/core/rdata.h:50:35: note: expanded from macro 'RUBY_MACRO_SELECT'
   50 | #define RUBY_MACRO_SELECT(x, y)   RBIMPL_MACRO_SELECT(x, y)
      |                                   ^
/opt/homebrew/Cellar/ruby/4.0.5/include/ruby-4.0.0/ruby/internal/core/rdata.h:49:35: note: expanded from macro 'RBIMPL_MACRO_SELECT'
   49 | #define RBIMPL_MACRO_SELECT(x, y) x ## y
      |                                   ^
<scratch space>:152:1: note: expanded from here
  152 | rb_data_object_get_1
      | ^
/opt/homebrew/Cellar/ruby/4.0.5/include/ruby-4.0.0/ruby/internal/core/rdata.h:368:31: note: expanded from macro 'rb_data_object_get_1'
  368 | #define rb_data_object_get_1  rb_data_object_get_warning
      |                               ^
/opt/homebrew/Cellar/ruby/4.0.5/include/ruby-4.0.0/ruby/internal/core/rdata.h:317:1: note: 'rb_data_object_get_warning' has been explicitly marked deprecated here
  317 | RBIMPL_ATTRSET_UNTYPED_DATA_FUNC()
      | ^
/opt/homebrew/Cellar/ruby/4.0.5/include/ruby-4.0.0/ruby/internal/core/rdata.h:47:5: note: expanded from macro 'RBIMPL_ATTRSET_UNTYPED_DATA_FUNC'
   47 |     RBIMPL_ATTR_DEPRECATED(("by TypedData"))
      |     ^
/opt/homebrew/Cellar/ruby/4.0.5/include/ruby-4.0.0/ruby/internal/attr/deprecated.h:36:53: note: expanded from macro 'RBIMPL_ATTR_DEPRECATED'
   36 | # define RBIMPL_ATTR_DEPRECATED(msg) __attribute__((__deprecated__ msg))
      |                                                     ^
database.c:574:3: warning: 'rb_data_object_get_warning' is deprecated: by TypedData [-Wdeprecated-declarations]
  574 |   Data_Get_Struct(self, sqlite3Ruby, ctx);
      |   ^
/opt/homebrew/Cellar/ruby/4.0.5/include/ruby-4.0.0/ruby/internal/core/rdata.h:278:34: note: expanded from macro 'Data_Get_Struct'
  278 |     ((sval) = RBIMPL_CAST((type*)rb_data_object_get(obj)))
      |                                  ^
/opt/homebrew/Cellar/ruby/4.0.5/include/ruby-4.0.0/ruby/internal/core/rdata.h:370:31: note: expanded from macro 'rb_data_object_get'
  370 | #define rb_data_object_get    RUBY_MACRO_SELECT(rb_data_object_get_2, RUBY_UNTYPED_DATA_WARNING)
      |                               ^
/opt/homebrew/Cellar/ruby/4.0.5/include/ruby-4.0.0/ruby/internal/core/rdata.h:50:35: note: expanded from macro 'RUBY_MACRO_SELECT'
   50 | #define RUBY_MACRO_SELECT(x, y)   RBIMPL_MACRO_SELECT(x, y)
      |                                   ^
/opt/homebrew/Cellar/ruby/4.0.5/include/ruby-4.0.0/ruby/internal/core/rdata.h:49:35: note: expanded from macro 'RBIMPL_MACRO_SELECT'
   49 | #define RBIMPL_MACRO_SELECT(x, y) x ## y
      |                                   ^
<scratch space>:153:1: note: expanded from here
  153 | rb_data_object_get_1
      | ^
/opt/homebrew/Cellar/ruby/4.0.5/include/ruby-4.0.0/ruby/internal/core/rdata.h:368:31: note: expanded from macro 'rb_data_object_get_1'
  368 | #define rb_data_object_get_1  rb_data_object_get_warning
      |                               ^
/opt/homebrew/Cellar/ruby/4.0.5/include/ruby-4.0.0/ruby/internal/core/rdata.h:317:1: note: 'rb_data_object_get_warning' has been explicitly marked deprecated here
  317 | RBIMPL_ATTRSET_UNTYPED_DATA_FUNC()
      | ^
/opt/homebrew/Cellar/ruby/4.0.5/include/ruby-4.0.0/ruby/internal/core/rdata.h:47:5: note: expanded from macro 'RBIMPL_ATTRSET_UNTYPED_DATA_FUNC'
   47 |     RBIMPL_ATTR_DEPRECATED(("by TypedData"))
      |     ^
/opt/homebrew/Cellar/ruby/4.0.5/include/ruby-4.0.0/ruby/internal/attr/deprecated.h:36:53: note: expanded from macro 'RBIMPL_ATTR_DEPRECATED'
   36 | # define RBIMPL_ATTR_DEPRECATED(msg) __attribute__((__deprecated__ msg))
      |                                                     ^
database.c:603:3: warning: 'rb_data_object_get_warning' is deprecated: by TypedData [-Wdeprecated-declarations]
  603 |   Data_Get_Struct(self, sqlite3Ruby, ctx);
      |   ^
/opt/homebrew/Cellar/ruby/4.0.5/include/ruby-4.0.0/ruby/internal/core/rdata.h:278:34: note: expanded from macro 'Data_Get_Struct'
  278 |     ((sval) = RBIMPL_CAST((type*)rb_data_object_get(obj)))
      |                                  ^
/opt/homebrew/Cellar/ruby/4.0.5/include/ruby-4.0.0/ruby/internal/core/rdata.h:370:31: note: expanded from macro 'rb_data_object_get'
  370 | #define rb_data_object_get    RUBY_MACRO_SELECT(rb_data_object_get_2, RUBY_UNTYPED_DATA_WARNING)
      |                               ^
/opt/homebrew/Cellar/ruby/4.0.5/include/ruby-4.0.0/ruby/internal/core/rdata.h:50:35: note: expanded from macro 'RUBY_MACRO_SELECT'
   50 | #define RUBY_MACRO_SELECT(x, y)   RBIMPL_MACRO_SELECT(x, y)
      |                                   ^
/opt/homebrew/Cellar/ruby/4.0.5/include/ruby-4.0.0/ruby/internal/core/rdata.h:49:35: note: expanded from macro 'RBIMPL_MACRO_SELECT'
   49 | #define RBIMPL_MACRO_SELECT(x, y) x ## y
      |                                   ^
<scratch space>:154:1: note: expanded from here
  154 | rb_data_object_get_1
      | ^
/opt/homebrew/Cellar/ruby/4.0.5/include/ruby-4.0.0/ruby/internal/core/rdata.h:368:31: note: expanded from macro 'rb_data_object_get_1'
  368 | #define rb_data_object_get_1  rb_data_object_get_warning
      |                               ^
/opt/homebrew/Cellar/ruby/4.0.5/include/ruby-4.0.0/ruby/internal/core/rdata.h:317:1: note: 'rb_data_object_get_warning' has been explicitly marked deprecated here
  317 | RBIMPL_ATTRSET_UNTYPED_DATA_FUNC()
      | ^
/opt/homebrew/Cellar/ruby/4.0.5/include/ruby-4.0.0/ruby/internal/core/rdata.h:47:5: note: expanded from macro 'RBIMPL_ATTRSET_UNTYPED_DATA_FUNC'
   47 |     RBIMPL_ATTR_DEPRECATED(("by TypedData"))
      |     ^
/opt/homebrew/Cellar/ruby/4.0.5/include/ruby-4.0.0/ruby/internal/attr/deprecated.h:36:53: note: expanded from macro 'RBIMPL_ATTR_DEPRECATED'
   36 | # define RBIMPL_ATTR_DEPRECATED(msg) __attribute__((__deprecated__ msg))
      |                                                     ^
database.c:627:3: warning: 'rb_data_object_get_warning' is deprecated: by TypedData [-Wdeprecated-declarations]
  627 |   Data_Get_Struct(self, sqlite3Ruby, ctx);
      |   ^
/opt/homebrew/Cellar/ruby/4.0.5/include/ruby-4.0.0/ruby/internal/core/rdata.h:278:34: note: expanded from macro 'Data_Get_Struct'
  278 |     ((sval) = RBIMPL_CAST((type*)rb_data_object_get(obj)))
      |                                  ^
/opt/homebrew/Cellar/ruby/4.0.5/include/ruby-4.0.0/ruby/internal/core/rdata.h:370:31: note: expanded from macro 'rb_data_object_get'
  370 | #define rb_data_object_get    RUBY_MACRO_SELECT(rb_data_object_get_2, RUBY_UNTYPED_DATA_WARNING)
      |                               ^
/opt/homebrew/Cellar/ruby/4.0.5/include/ruby-4.0.0/ruby/internal/core/rdata.h:50:35: note: expanded from macro 'RUBY_MACRO_SELECT'
   50 | #define RUBY_MACRO_SELECT(x, y)   RBIMPL_MACRO_SELECT(x, y)
      |                                   ^
/opt/homebrew/Cellar/ruby/4.0.5/include/ruby-4.0.0/ruby/internal/core/rdata.h:49:35: note: expanded from macro 'RBIMPL_MACRO_SELECT'
   49 | #define RBIMPL_MACRO_SELECT(x, y) x ## y
      |                                   ^
<scratch space>:155:1: note: expanded from here
  155 | rb_data_object_get_1
      | ^
/opt/homebrew/Cellar/ruby/4.0.5/include/ruby-4.0.0/ruby/internal/core/rdata.h:368:31: note: expanded from macro 'rb_data_object_get_1'
  368 | #define rb_data_object_get_1  rb_data_object_get_warning
      |                               ^
/opt/homebrew/Cellar/ruby/4.0.5/include/ruby-4.0.0/ruby/internal/core/rdata.h:317:1: note: 'rb_data_object_get_warning' has been explicitly marked deprecated here
  317 | RBIMPL_ATTRSET_UNTYPED_DATA_FUNC()
      | ^
/opt/homebrew/Cellar/ruby/4.0.5/include/ruby-4.0.0/ruby/internal/core/rdata.h:47:5: note: expanded from macro 'RBIMPL_ATTRSET_UNTYPED_DATA_FUNC'
   47 |     RBIMPL_ATTR_DEPRECATED(("by TypedData"))
      |     ^
/opt/homebrew/Cellar/ruby/4.0.5/include/ruby-4.0.0/ruby/internal/attr/deprecated.h:36:53: note: expanded from macro 'RBIMPL_ATTR_DEPRECATED'
   36 | # define RBIMPL_ATTR_DEPRECATED(msg) __attribute__((__deprecated__ msg))
      |                                                     ^
database.c:664:3: warning: 'rb_data_object_get_warning' is deprecated: by TypedData [-Wdeprecated-declarations]
  664 |   Data_Get_Struct(self, sqlite3Ruby, ctx);
      |   ^
/opt/homebrew/Cellar/ruby/4.0.5/include/ruby-4.0.0/ruby/internal/core/rdata.h:278:34: note: expanded from macro 'Data_Get_Struct'
  278 |     ((sval) = RBIMPL_CAST((type*)rb_data_object_get(obj)))
      |                                  ^
/opt/homebrew/Cellar/ruby/4.0.5/include/ruby-4.0.0/ruby/internal/core/rdata.h:370:31: note: expanded from macro 'rb_data_object_get'
  370 | #define rb_data_object_get    RUBY_MACRO_SELECT(rb_data_object_get_2, RUBY_UNTYPED_DATA_WARNING)
      |                               ^
/opt/homebrew/Cellar/ruby/4.0.5/include/ruby-4.0.0/ruby/internal/core/rdata.h:50:35: note: expanded from macro 'RUBY_MACRO_SELECT'
   50 | #define RUBY_MACRO_SELECT(x, y)   RBIMPL_MACRO_SELECT(x, y)
      |                                   ^
/opt/homebrew/Cellar/ruby/4.0.5/include/ruby-4.0.0/ruby/internal/core/rdata.h:49:35: note: expanded from macro 'RBIMPL_MACRO_SELECT'
   49 | #define RBIMPL_MACRO_SELECT(x, y) x ## y
      |                                   ^
<scratch space>:158:1: note: expanded from here
  158 | rb_data_object_get_1
      | ^
/opt/homebrew/Cellar/ruby/4.0.5/include/ruby-4.0.0/ruby/internal/core/rdata.h:368:31: note: expanded from macro 'rb_data_object_get_1'
  368 | #define rb_data_object_get_1  rb_data_object_get_warning
      |                               ^
/opt/homebrew/Cellar/ruby/4.0.5/include/ruby-4.0.0/ruby/internal/core/rdata.h:317:1: note: 'rb_data_object_get_warning' has been explicitly marked deprecated here
  317 | RBIMPL_ATTRSET_UNTYPED_DATA_FUNC()
      | ^
/opt/homebrew/Cellar/ruby/4.0.5/include/ruby-4.0.0/ruby/internal/core/rdata.h:47:5: note: expanded from macro 'RBIMPL_ATTRSET_UNTYPED_DATA_FUNC'
   47 |     RBIMPL_ATTR_DEPRECATED(("by TypedData"))
      |     ^
/opt/homebrew/Cellar/ruby/4.0.5/include/ruby-4.0.0/ruby/internal/attr/deprecated.h:36:53: note: expanded from macro 'RBIMPL_ATTR_DEPRECATED'
   36 | # define RBIMPL_ATTR_DEPRECATED(msg) __attribute__((__deprecated__ msg))
      |                                                     ^
database.c:684:3: warning: 'rb_data_object_get_warning' is deprecated: by TypedData [-Wdeprecated-declarations]
  684 |   Data_Get_Struct(self, sqlite3Ruby, ctx);
      |   ^
/opt/homebrew/Cellar/ruby/4.0.5/include/ruby-4.0.0/ruby/internal/core/rdata.h:278:34: note: expanded from macro 'Data_Get_Struct'
  278 |     ((sval) = RBIMPL_CAST((type*)rb_data_object_get(obj)))
      |                                  ^
/opt/homebrew/Cellar/ruby/4.0.5/include/ruby-4.0.0/ruby/internal/core/rdata.h:370:31: note: expanded from macro 'rb_data_object_get'
  370 | #define rb_data_object_get    RUBY_MACRO_SELECT(rb_data_object_get_2, RUBY_UNTYPED_DATA_WARNING)
      |                               ^
/opt/homebrew/Cellar/ruby/4.0.5/include/ruby-4.0.0/ruby/internal/core/rdata.h:50:35: note: expanded from macro 'RUBY_MACRO_SELECT'
   50 | #define RUBY_MACRO_SELECT(x, y)   RBIMPL_MACRO_SELECT(x, y)
      |                                   ^
/opt/homebrew/Cellar/ruby/4.0.5/include/ruby-4.0.0/ruby/internal/core/rdata.h:49:35: note: expanded from macro 'RBIMPL_MACRO_SELECT'
   49 | #define RBIMPL_MACRO_SELECT(x, y) x ## y
      |                                   ^
<scratch space>:159:1: note: expanded from here
  159 | rb_data_object_get_1
      | ^
/opt/homebrew/Cellar/ruby/4.0.5/include/ruby-4.0.0/ruby/internal/core/rdata.h:368:31: note: expanded from macro 'rb_data_object_get_1'
  368 | #define rb_data_object_get_1  rb_data_object_get_warning
      |                               ^
/opt/homebrew/Cellar/ruby/4.0.5/include/ruby-4.0.0/ruby/internal/core/rdata.h:317:1: note: 'rb_data_object_get_warning' has been explicitly marked deprecated here
  317 | RBIMPL_ATTRSET_UNTYPED_DATA_FUNC()
      | ^
/opt/homebrew/Cellar/ruby/4.0.5/include/ruby-4.0.0/ruby/internal/core/rdata.h:47:5: note: expanded from macro 'RBIMPL_ATTRSET_UNTYPED_DATA_FUNC'
   47 |     RBIMPL_ATTR_DEPRECATED(("by TypedData"))
      |     ^
/opt/homebrew/Cellar/ruby/4.0.5/include/ruby-4.0.0/ruby/internal/attr/deprecated.h:36:53: note: expanded from macro 'RBIMPL_ATTR_DEPRECATED'
   36 | # define RBIMPL_ATTR_DEPRECATED(msg) __attribute__((__deprecated__ msg))
      |                                                     ^
database.c:743:3: warning: 'rb_data_object_get_warning' is deprecated: by TypedData [-Wdeprecated-declarations]
  743 |   Data_Get_Struct(self, sqlite3Ruby, ctx);
      |   ^
/opt/homebrew/Cellar/ruby/4.0.5/include/ruby-4.0.0/ruby/internal/core/rdata.h:278:34: note: expanded from macro 'Data_Get_Struct'
  278 |     ((sval) = RBIMPL_CAST((type*)rb_data_object_get(obj)))
      |                                  ^
/opt/homebrew/Cellar/ruby/4.0.5/include/ruby-4.0.0/ruby/internal/core/rdata.h:370:31: note: expanded from macro 'rb_data_object_get'
  370 | #define rb_data_object_get    RUBY_MACRO_SELECT(rb_data_object_get_2, RUBY_UNTYPED_DATA_WARNING)
      |                               ^
/opt/homebrew/Cellar/ruby/4.0.5/include/ruby-4.0.0/ruby/internal/core/rdata.h:50:35: note: expanded from macro 'RUBY_MACRO_SELECT'
   50 | #define RUBY_MACRO_SELECT(x, y)   RBIMPL_MACRO_SELECT(x, y)
      |                                   ^
/opt/homebrew/Cellar/ruby/4.0.5/include/ruby-4.0.0/ruby/internal/core/rdata.h:49:35: note: expanded from macro 'RBIMPL_MACRO_SELECT'
   49 | #define RBIMPL_MACRO_SELECT(x, y) x ## y
      |                                   ^
<scratch space>:160:1: note: expanded from here
  160 | rb_data_object_get_1
      | ^
/opt/homebrew/Cellar/ruby/4.0.5/include/ruby-4.0.0/ruby/internal/core/rdata.h:368:31: note: expanded from macro 'rb_data_object_get_1'
  368 | #define rb_data_object_get_1  rb_data_object_get_warning
      |                               ^
/opt/homebrew/Cellar/ruby/4.0.5/include/ruby-4.0.0/ruby/internal/core/rdata.h:317:1: note: 'rb_data_object_get_warning' has been explicitly marked deprecated here
  317 | RBIMPL_ATTRSET_UNTYPED_DATA_FUNC()
      | ^
/opt/homebrew/Cellar/ruby/4.0.5/include/ruby-4.0.0/ruby/internal/core/rdata.h:47:5: note: expanded from macro 'RBIMPL_ATTRSET_UNTYPED_DATA_FUNC'
   47 |     RBIMPL_ATTR_DEPRECATED(("by TypedData"))
      |     ^
/opt/homebrew/Cellar/ruby/4.0.5/include/ruby-4.0.0/ruby/internal/attr/deprecated.h:36:53: note: expanded from macro 'RBIMPL_ATTR_DEPRECATED'
   36 | # define RBIMPL_ATTR_DEPRECATED(msg) __attribute__((__deprecated__ msg))
      |                                                     ^
database.c:771:3: warning: 'rb_data_object_get_warning' is deprecated: by TypedData [-Wdeprecated-declarations]
  771 |   Data_Get_Struct(self, sqlite3Ruby, ctx);
      |   ^
/opt/homebrew/Cellar/ruby/4.0.5/include/ruby-4.0.0/ruby/internal/core/rdata.h:278:34: note: expanded from macro 'Data_Get_Struct'
  278 |     ((sval) = RBIMPL_CAST((type*)rb_data_object_get(obj)))
      |                                  ^
/opt/homebrew/Cellar/ruby/4.0.5/include/ruby-4.0.0/ruby/internal/core/rdata.h:370:31: note: expanded from macro 'rb_data_object_get'
  370 | #define rb_data_object_get    RUBY_MACRO_SELECT(rb_data_object_get_2, RUBY_UNTYPED_DATA_WARNING)
      |                               ^
/opt/homebrew/Cellar/ruby/4.0.5/include/ruby-4.0.0/ruby/internal/core/rdata.h:50:35: note: expanded from macro 'RUBY_MACRO_SELECT'
   50 | #define RUBY_MACRO_SELECT(x, y)   RBIMPL_MACRO_SELECT(x, y)
      |                                   ^
/opt/homebrew/Cellar/ruby/4.0.5/include/ruby-4.0.0/ruby/internal/core/rdata.h:49:35: note: expanded from macro 'RBIMPL_MACRO_SELECT'
   49 | #define RBIMPL_MACRO_SELECT(x, y) x ## y
      |                                   ^
<scratch space>:161:1: note: expanded from here
  161 | rb_data_object_get_1
      | ^
/opt/homebrew/Cellar/ruby/4.0.5/include/ruby-4.0.0/ruby/internal/core/rdata.h:368:31: note: expanded from macro 'rb_data_object_get_1'
  368 | #define rb_data_object_get_1  rb_data_object_get_warning
      |                               ^
/opt/homebrew/Cellar/ruby/4.0.5/include/ruby-4.0.0/ruby/internal/core/rdata.h:317:1: note: 'rb_data_object_get_warning' has been explicitly marked deprecated here
  317 | RBIMPL_ATTRSET_UNTYPED_DATA_FUNC()
      | ^
/opt/homebrew/Cellar/ruby/4.0.5/include/ruby-4.0.0/ruby/internal/core/rdata.h:47:5: note: expanded from macro 'RBIMPL_ATTRSET_UNTYPED_DATA_FUNC'
   47 |     RBIMPL_ATTR_DEPRECATED(("by TypedData"))
      |     ^
/opt/homebrew/Cellar/ruby/4.0.5/include/ruby-4.0.0/ruby/internal/attr/deprecated.h:36:53: note: expanded from macro 'RBIMPL_ATTR_DEPRECATED'
   36 | # define RBIMPL_ATTR_DEPRECATED(msg) __attribute__((__deprecated__ msg))
      |                                                     ^
database.c:785:3: warning: 'rb_data_object_get_warning' is deprecated: by TypedData [-Wdeprecated-declarations]
  785 |   Data_Get_Struct(self, sqlite3Ruby, ctx);
      |   ^
/opt/homebrew/Cellar/ruby/4.0.5/include/ruby-4.0.0/ruby/internal/core/rdata.h:278:34: note: expanded from macro 'Data_Get_Struct'
  278 |     ((sval) = RBIMPL_CAST((type*)rb_data_object_get(obj)))
      |                                  ^
/opt/homebrew/Cellar/ruby/4.0.5/include/ruby-4.0.0/ruby/internal/core/rdata.h:370:31: note: expanded from macro 'rb_data_object_get'
  370 | #define rb_data_object_get    RUBY_MACRO_SELECT(rb_data_object_get_2, RUBY_UNTYPED_DATA_WARNING)
      |                               ^
/opt/homebrew/Cellar/ruby/4.0.5/include/ruby-4.0.0/ruby/internal/core/rdata.h:50:35: note: expanded from macro 'RUBY_MACRO_SELECT'
   50 | #define RUBY_MACRO_SELECT(x, y)   RBIMPL_MACRO_SELECT(x, y)
      |                                   ^
/opt/homebrew/Cellar/ruby/4.0.5/include/ruby-4.0.0/ruby/internal/core/rdata.h:49:35: note: expanded from macro 'RBIMPL_MACRO_SELECT'
   49 | #define RBIMPL_MACRO_SELECT(x, y) x ## y
      |                                   ^
<scratch space>:162:1: note: expanded from here
  162 | rb_data_object_get_1
      | ^
/opt/homebrew/Cellar/ruby/4.0.5/include/ruby-4.0.0/ruby/internal/core/rdata.h:368:31: note: expanded from macro 'rb_data_object_get_1'
  368 | #define rb_data_object_get_1  rb_data_object_get_warning
      |                               ^
/opt/homebrew/Cellar/ruby/4.0.5/include/ruby-4.0.0/ruby/internal/core/rdata.h:317:1: note: 'rb_data_object_get_warning' has been explicitly marked deprecated here
  317 | RBIMPL_ATTRSET_UNTYPED_DATA_FUNC()
      | ^
/opt/homebrew/Cellar/ruby/4.0.5/include/ruby-4.0.0/ruby/internal/core/rdata.h:47:5: note: expanded from macro 'RBIMPL_ATTRSET_UNTYPED_DATA_FUNC'
   47 |     RBIMPL_ATTR_DEPRECATED(("by TypedData"))
      |     ^
/opt/homebrew/Cellar/ruby/4.0.5/include/ruby-4.0.0/ruby/internal/attr/deprecated.h:36:53: note: expanded from macro 'RBIMPL_ATTR_DEPRECATED'
   36 | # define RBIMPL_ATTR_DEPRECATED(msg) __attribute__((__deprecated__ msg))
      |                                                     ^
25 warnings generated.
compiling exception.c
compiling sqlite3.c
compiling statement.c
statement.c:21:10: warning: 'rb_data_object_wrap_warning' is deprecated: by TypedData [-Wdeprecated-declarations]
   21 |   return Data_Wrap_Struct(klass, NULL, deallocate, ctx);
      |          ^
/opt/homebrew/Cellar/ruby/4.0.5/include/ruby-4.0.0/ruby/internal/core/rdata.h:202:5: note: expanded from macro 'Data_Wrap_Struct'
  202 |     rb_data_object_wrap(                          \
      |     ^
/opt/homebrew/Cellar/ruby/4.0.5/include/ruby-4.0.0/ruby/internal/core/rdata.h:366:31: note: expanded from macro 'rb_data_object_wrap'
  366 | #define rb_data_object_wrap   RUBY_MACRO_SELECT(rb_data_object_wrap_2, RUBY_UNTYPED_DATA_WARNING)
      |                               ^
/opt/homebrew/Cellar/ruby/4.0.5/include/ruby-4.0.0/ruby/internal/core/rdata.h:50:35: note: expanded from macro 'RUBY_MACRO_SELECT'
   50 | #define RUBY_MACRO_SELECT(x, y)   RBIMPL_MACRO_SELECT(x, y)
      |                                   ^
/opt/homebrew/Cellar/ruby/4.0.5/include/ruby-4.0.0/ruby/internal/core/rdata.h:49:35: note: expanded from macro 'RBIMPL_MACRO_SELECT'
   49 | #define RBIMPL_MACRO_SELECT(x, y) x ## y
      |                                   ^
<scratch space>:135:1: note: expanded from here
  135 | rb_data_object_wrap_1
      | ^
/opt/homebrew/Cellar/ruby/4.0.5/include/ruby-4.0.0/ruby/internal/core/rdata.h:364:31: note: expanded from macro 'rb_data_object_wrap_1'
  364 | #define rb_data_object_wrap_1 rb_data_object_wrap_warning
      |                               ^
/opt/homebrew/Cellar/ruby/4.0.5/include/ruby-4.0.0/ruby/internal/core/rdata.h:280:1: note: 'rb_data_object_wrap_warning' has been explicitly marked deprecated here
  280 | RBIMPL_ATTRSET_UNTYPED_DATA_FUNC()
      | ^
/opt/homebrew/Cellar/ruby/4.0.5/include/ruby-4.0.0/ruby/internal/core/rdata.h:47:5: note: expanded from macro 'RBIMPL_ATTRSET_UNTYPED_DATA_FUNC'
   47 |     RBIMPL_ATTR_DEPRECATED(("by TypedData"))
      |     ^
/opt/homebrew/Cellar/ruby/4.0.5/include/ruby-4.0.0/ruby/internal/attr/deprecated.h:36:53: note: expanded from macro 'RBIMPL_ATTR_DEPRECATED'
   36 | # define RBIMPL_ATTR_DEPRECATED(msg) __attribute__((__deprecated__ msg))
      |                                                     ^
statement.c:40:3: warning: 'rb_data_object_get_warning' is deprecated: by TypedData [-Wdeprecated-declarations]
   40 |   Data_Get_Struct(db, sqlite3Ruby, db_ctx);
      |   ^
/opt/homebrew/Cellar/ruby/4.0.5/include/ruby-4.0.0/ruby/internal/core/rdata.h:278:34: note: expanded from macro 'Data_Get_Struct'
  278 |     ((sval) = RBIMPL_CAST((type*)rb_data_object_get(obj)))
      |                                  ^
/opt/homebrew/Cellar/ruby/4.0.5/include/ruby-4.0.0/ruby/internal/core/rdata.h:370:31: note: expanded from macro 'rb_data_object_get'
  370 | #define rb_data_object_get    RUBY_MACRO_SELECT(rb_data_object_get_2, RUBY_UNTYPED_DATA_WARNING)
      |                               ^
/opt/homebrew/Cellar/ruby/4.0.5/include/ruby-4.0.0/ruby/internal/core/rdata.h:50:35: note: expanded from macro 'RUBY_MACRO_SELECT'
   50 | #define RUBY_MACRO_SELECT(x, y)   RBIMPL_MACRO_SELECT(x, y)
      |                                   ^
/opt/homebrew/Cellar/ruby/4.0.5/include/ruby-4.0.0/ruby/internal/core/rdata.h:49:35: note: expanded from macro 'RBIMPL_MACRO_SELECT'
   49 | #define RBIMPL_MACRO_SELECT(x, y) x ## y
      |                                   ^
<scratch space>:136:1: note: expanded from here
  136 | rb_data_object_get_1
      | ^
/opt/homebrew/Cellar/ruby/4.0.5/include/ruby-4.0.0/ruby/internal/core/rdata.h:368:31: note: expanded from macro 'rb_data_object_get_1'
  368 | #define rb_data_object_get_1  rb_data_object_get_warning
      |                               ^
/opt/homebrew/Cellar/ruby/4.0.5/include/ruby-4.0.0/ruby/internal/core/rdata.h:317:1: note: 'rb_data_object_get_warning' has been explicitly marked deprecated here
  317 | RBIMPL_ATTRSET_UNTYPED_DATA_FUNC()
      | ^
/opt/homebrew/Cellar/ruby/4.0.5/include/ruby-4.0.0/ruby/internal/core/rdata.h:47:5: note: expanded from macro 'RBIMPL_ATTRSET_UNTYPED_DATA_FUNC'
   47 |     RBIMPL_ATTR_DEPRECATED(("by TypedData"))
      |     ^
/opt/homebrew/Cellar/ruby/4.0.5/include/ruby-4.0.0/ruby/internal/attr/deprecated.h:36:53: note: expanded from macro 'RBIMPL_ATTR_DEPRECATED'
   36 | # define RBIMPL_ATTR_DEPRECATED(msg) __attribute__((__deprecated__ msg))
      |                                                     ^
statement.c:41:3: warning: 'rb_data_object_get_warning' is deprecated: by TypedData [-Wdeprecated-declarations]
   41 |   Data_Get_Struct(self, sqlite3StmtRuby, ctx);
      |   ^
/opt/homebrew/Cellar/ruby/4.0.5/include/ruby-4.0.0/ruby/internal/core/rdata.h:278:34: note: expanded from macro 'Data_Get_Struct'
  278 |     ((sval) = RBIMPL_CAST((type*)rb_data_object_get(obj)))
      |                                  ^
/opt/homebrew/Cellar/ruby/4.0.5/include/ruby-4.0.0/ruby/internal/core/rdata.h:370:31: note: expanded from macro 'rb_data_object_get'
  370 | #define rb_data_object_get    RUBY_MACRO_SELECT(rb_data_object_get_2, RUBY_UNTYPED_DATA_WARNING)
      |                               ^
/opt/homebrew/Cellar/ruby/4.0.5/include/ruby-4.0.0/ruby/internal/core/rdata.h:50:35: note: expanded from macro 'RUBY_MACRO_SELECT'
   50 | #define RUBY_MACRO_SELECT(x, y)   RBIMPL_MACRO_SELECT(x, y)
      |                                   ^
/opt/homebrew/Cellar/ruby/4.0.5/include/ruby-4.0.0/ruby/internal/core/rdata.h:49:35: note: expanded from macro 'RBIMPL_MACRO_SELECT'
   49 | #define RBIMPL_MACRO_SELECT(x, y) x ## y
      |                                   ^
<scratch space>:137:1: note: expanded from here
  137 | rb_data_object_get_1
      | ^
/opt/homebrew/Cellar/ruby/4.0.5/include/ruby-4.0.0/ruby/internal/core/rdata.h:368:31: note: expanded from macro 'rb_data_object_get_1'
  368 | #define rb_data_object_get_1  rb_data_object_get_warning
      |                               ^
/opt/homebrew/Cellar/ruby/4.0.5/include/ruby-4.0.0/ruby/internal/core/rdata.h:317:1: note: 'rb_data_object_get_warning' has been explicitly marked deprecated here
  317 | RBIMPL_ATTRSET_UNTYPED_DATA_FUNC()
      | ^
/opt/homebrew/Cellar/ruby/4.0.5/include/ruby-4.0.0/ruby/internal/core/rdata.h:47:5: note: expanded from macro 'RBIMPL_ATTRSET_UNTYPED_DATA_FUNC'
   47 |     RBIMPL_ATTR_DEPRECATED(("by TypedData"))
      |     ^
/opt/homebrew/Cellar/ruby/4.0.5/include/ruby-4.0.0/ruby/internal/attr/deprecated.h:36:53: note: expanded from macro 'RBIMPL_ATTR_DEPRECATED'
   36 | # define RBIMPL_ATTR_DEPRECATED(msg) __attribute__((__deprecated__ msg))
      |                                                     ^
statement.c:81:3: warning: 'rb_data_object_get_warning' is deprecated: by TypedData [-Wdeprecated-declarations]
   81 |   Data_Get_Struct(self, sqlite3StmtRuby, ctx);
      |   ^
/opt/homebrew/Cellar/ruby/4.0.5/include/ruby-4.0.0/ruby/internal/core/rdata.h:278:34: note: expanded from macro 'Data_Get_Struct'
  278 |     ((sval) = RBIMPL_CAST((type*)rb_data_object_get(obj)))
      |                                  ^
/opt/homebrew/Cellar/ruby/4.0.5/include/ruby-4.0.0/ruby/internal/core/rdata.h:370:31: note: expanded from macro 'rb_data_object_get'
  370 | #define rb_data_object_get    RUBY_MACRO_SELECT(rb_data_object_get_2, RUBY_UNTYPED_DATA_WARNING)
      |                               ^
/opt/homebrew/Cellar/ruby/4.0.5/include/ruby-4.0.0/ruby/internal/core/rdata.h:50:35: note: expanded from macro 'RUBY_MACRO_SELECT'
   50 | #define RUBY_MACRO_SELECT(x, y)   RBIMPL_MACRO_SELECT(x, y)
      |                                   ^
/opt/homebrew/Cellar/ruby/4.0.5/include/ruby-4.0.0/ruby/internal/core/rdata.h:49:35: note: expanded from macro 'RBIMPL_MACRO_SELECT'
   49 | #define RBIMPL_MACRO_SELECT(x, y) x ## y
      |                                   ^
<scratch space>:138:1: note: expanded from here
  138 | rb_data_object_get_1
      | ^
/opt/homebrew/Cellar/ruby/4.0.5/include/ruby-4.0.0/ruby/internal/core/rdata.h:368:31: note: expanded from macro 'rb_data_object_get_1'
  368 | #define rb_data_object_get_1  rb_data_object_get_warning
      |                               ^
/opt/homebrew/Cellar/ruby/4.0.5/include/ruby-4.0.0/ruby/internal/core/rdata.h:317:1: note: 'rb_data_object_get_warning' has been explicitly marked deprecated here
  317 | RBIMPL_ATTRSET_UNTYPED_DATA_FUNC()
      | ^
/opt/homebrew/Cellar/ruby/4.0.5/include/ruby-4.0.0/ruby/internal/core/rdata.h:47:5: note: expanded from macro 'RBIMPL_ATTRSET_UNTYPED_DATA_FUNC'
   47 |     RBIMPL_ATTR_DEPRECATED(("by TypedData"))
      |     ^
/opt/homebrew/Cellar/ruby/4.0.5/include/ruby-4.0.0/ruby/internal/attr/deprecated.h:36:53: note: expanded from macro 'RBIMPL_ATTR_DEPRECATED'
   36 | # define RBIMPL_ATTR_DEPRECATED(msg) __attribute__((__deprecated__ msg))
      |                                                     ^
statement.c:98:3: warning: 'rb_data_object_get_warning' is deprecated: by TypedData [-Wdeprecated-declarations]
   98 |   Data_Get_Struct(self, sqlite3StmtRuby, ctx);
      |   ^
/opt/homebrew/Cellar/ruby/4.0.5/include/ruby-4.0.0/ruby/internal/core/rdata.h:278:34: note: expanded from macro 'Data_Get_Struct'
  278 |     ((sval) = RBIMPL_CAST((type*)rb_data_object_get(obj)))
      |                                  ^
/opt/homebrew/Cellar/ruby/4.0.5/include/ruby-4.0.0/ruby/internal/core/rdata.h:370:31: note: expanded from macro 'rb_data_object_get'
  370 | #define rb_data_object_get    RUBY_MACRO_SELECT(rb_data_object_get_2, RUBY_UNTYPED_DATA_WARNING)
      |                               ^
/opt/homebrew/Cellar/ruby/4.0.5/include/ruby-4.0.0/ruby/internal/core/rdata.h:50:35: note: expanded from macro 'RUBY_MACRO_SELECT'
   50 | #define RUBY_MACRO_SELECT(x, y)   RBIMPL_MACRO_SELECT(x, y)
      |                                   ^
/opt/homebrew/Cellar/ruby/4.0.5/include/ruby-4.0.0/ruby/internal/core/rdata.h:49:35: note: expanded from macro 'RBIMPL_MACRO_SELECT'
   49 | #define RBIMPL_MACRO_SELECT(x, y) x ## y
      |                                   ^
<scratch space>:139:1: note: expanded from here
  139 | rb_data_object_get_1
      | ^
/opt/homebrew/Cellar/ruby/4.0.5/include/ruby-4.0.0/ruby/internal/core/rdata.h:368:31: note: expanded from macro 'rb_data_object_get_1'
  368 | #define rb_data_object_get_1  rb_data_object_get_warning
      |                               ^
/opt/homebrew/Cellar/ruby/4.0.5/include/ruby-4.0.0/ruby/internal/core/rdata.h:317:1: note: 'rb_data_object_get_warning' has been explicitly marked deprecated here
  317 | RBIMPL_ATTRSET_UNTYPED_DATA_FUNC()
      | ^
/opt/homebrew/Cellar/ruby/4.0.5/include/ruby-4.0.0/ruby/internal/core/rdata.h:47:5: note: expanded from macro 'RBIMPL_ATTRSET_UNTYPED_DATA_FUNC'
   47 |     RBIMPL_ATTR_DEPRECATED(("by TypedData"))
      |     ^
/opt/homebrew/Cellar/ruby/4.0.5/include/ruby-4.0.0/ruby/internal/attr/deprecated.h:36:53: note: expanded from macro 'RBIMPL_ATTR_DEPRECATED'
   36 | # define RBIMPL_ATTR_DEPRECATED(msg) __attribute__((__deprecated__ msg))
      |                                                     ^
statement.c:113:3: warning: 'rb_data_object_get_warning' is deprecated: by TypedData [-Wdeprecated-declarations]
  113 |   Data_Get_Struct(self, sqlite3StmtRuby, ctx);
      |   ^
/opt/homebrew/Cellar/ruby/4.0.5/include/ruby-4.0.0/ruby/internal/core/rdata.h:278:34: note: expanded from macro 'Data_Get_Struct'
  278 |     ((sval) = RBIMPL_CAST((type*)rb_data_object_get(obj)))
      |                                  ^
/opt/homebrew/Cellar/ruby/4.0.5/include/ruby-4.0.0/ruby/internal/core/rdata.h:370:31: note: expanded from macro 'rb_data_object_get'
  370 | #define rb_data_object_get    RUBY_MACRO_SELECT(rb_data_object_get_2, RUBY_UNTYPED_DATA_WARNING)
      |                               ^
/opt/homebrew/Cellar/ruby/4.0.5/include/ruby-4.0.0/ruby/internal/core/rdata.h:50:35: note: expanded from macro 'RUBY_MACRO_SELECT'
   50 | #define RUBY_MACRO_SELECT(x, y)   RBIMPL_MACRO_SELECT(x, y)
      |                                   ^
/opt/homebrew/Cellar/ruby/4.0.5/include/ruby-4.0.0/ruby/internal/core/rdata.h:49:35: note: expanded from macro 'RBIMPL_MACRO_SELECT'
   49 | #define RBIMPL_MACRO_SELECT(x, y) x ## y
      |                                   ^
<scratch space>:140:1: note: expanded from here
  140 | rb_data_object_get_1
      | ^
/opt/homebrew/Cellar/ruby/4.0.5/include/ruby-4.0.0/ruby/internal/core/rdata.h:368:31: note: expanded from macro 'rb_data_object_get_1'
  368 | #define rb_data_object_get_1  rb_data_object_get_warning
      |                               ^
/opt/homebrew/Cellar/ruby/4.0.5/include/ruby-4.0.0/ruby/internal/core/rdata.h:317:1: note: 'rb_data_object_get_warning' has been explicitly marked deprecated here
  317 | RBIMPL_ATTRSET_UNTYPED_DATA_FUNC()
      | ^
/opt/homebrew/Cellar/ruby/4.0.5/include/ruby-4.0.0/ruby/internal/core/rdata.h:47:5: note: expanded from macro 'RBIMPL_ATTRSET_UNTYPED_DATA_FUNC'
   47 |     RBIMPL_ATTR_DEPRECATED(("by TypedData"))
      |     ^
/opt/homebrew/Cellar/ruby/4.0.5/include/ruby-4.0.0/ruby/internal/attr/deprecated.h:36:53: note: expanded from macro 'RBIMPL_ATTR_DEPRECATED'
   36 | # define RBIMPL_ATTR_DEPRECATED(msg) __attribute__((__deprecated__ msg))
      |                                                     ^
statement.c:209:3: warning: 'rb_data_object_get_warning' is deprecated: by TypedData [-Wdeprecated-declarations]
  209 |   Data_Get_Struct(self, sqlite3StmtRuby, ctx);
      |   ^
/opt/homebrew/Cellar/ruby/4.0.5/include/ruby-4.0.0/ruby/internal/core/rdata.h:278:34: note: expanded from macro 'Data_Get_Struct'
  278 |     ((sval) = RBIMPL_CAST((type*)rb_data_object_get(obj)))
      |                                  ^
/opt/homebrew/Cellar/ruby/4.0.5/include/ruby-4.0.0/ruby/internal/core/rdata.h:370:31: note: expanded from macro 'rb_data_object_get'
  370 | #define rb_data_object_get    RUBY_MACRO_SELECT(rb_data_object_get_2, RUBY_UNTYPED_DATA_WARNING)
      |                               ^
/opt/homebrew/Cellar/ruby/4.0.5/include/ruby-4.0.0/ruby/internal/core/rdata.h:50:35: note: expanded from macro 'RUBY_MACRO_SELECT'
   50 | #define RUBY_MACRO_SELECT(x, y)   RBIMPL_MACRO_SELECT(x, y)
      |                                   ^
/opt/homebrew/Cellar/ruby/4.0.5/include/ruby-4.0.0/ruby/internal/core/rdata.h:49:35: note: expanded from macro 'RBIMPL_MACRO_SELECT'
   49 | #define RBIMPL_MACRO_SELECT(x, y) x ## y
      |                                   ^
<scratch space>:141:1: note: expanded from here
  141 | rb_data_object_get_1
      | ^
/opt/homebrew/Cellar/ruby/4.0.5/include/ruby-4.0.0/ruby/internal/core/rdata.h:368:31: note: expanded from macro 'rb_data_object_get_1'
  368 | #define rb_data_object_get_1  rb_data_object_get_warning
      |                               ^
/opt/homebrew/Cellar/ruby/4.0.5/include/ruby-4.0.0/ruby/internal/core/rdata.h:317:1: note: 'rb_data_object_get_warning' has been explicitly marked deprecated here
  317 | RBIMPL_ATTRSET_UNTYPED_DATA_FUNC()
      | ^
/opt/homebrew/Cellar/ruby/4.0.5/include/ruby-4.0.0/ruby/internal/core/rdata.h:47:5: note: expanded from macro 'RBIMPL_ATTRSET_UNTYPED_DATA_FUNC'
   47 |     RBIMPL_ATTR_DEPRECATED(("by TypedData"))
      |     ^
/opt/homebrew/Cellar/ruby/4.0.5/include/ruby-4.0.0/ruby/internal/attr/deprecated.h:36:53: note: expanded from macro 'RBIMPL_ATTR_DEPRECATED'
   36 | # define RBIMPL_ATTR_DEPRECATED(msg) __attribute__((__deprecated__ msg))
      |                                                     ^
statement.c:299:3: warning: 'rb_data_object_get_warning' is deprecated: by TypedData [-Wdeprecated-declarations]
  299 |   Data_Get_Struct(self, sqlite3StmtRuby, ctx);
      |   ^
/opt/homebrew/Cellar/ruby/4.0.5/include/ruby-4.0.0/ruby/internal/core/rdata.h:278:34: note: expanded from macro 'Data_Get_Struct'
  278 |     ((sval) = RBIMPL_CAST((type*)rb_data_object_get(obj)))
      |                                  ^
/opt/homebrew/Cellar/ruby/4.0.5/include/ruby-4.0.0/ruby/internal/core/rdata.h:370:31: note: expanded from macro 'rb_data_object_get'
  370 | #define rb_data_object_get    RUBY_MACRO_SELECT(rb_data_object_get_2, RUBY_UNTYPED_DATA_WARNING)
      |                               ^
/opt/homebrew/Cellar/ruby/4.0.5/include/ruby-4.0.0/ruby/internal/core/rdata.h:50:35: note: expanded from macro 'RUBY_MACRO_SELECT'
   50 | #define RUBY_MACRO_SELECT(x, y)   RBIMPL_MACRO_SELECT(x, y)
      |                                   ^
/opt/homebrew/Cellar/ruby/4.0.5/include/ruby-4.0.0/ruby/internal/core/rdata.h:49:35: note: expanded from macro 'RBIMPL_MACRO_SELECT'
   49 | #define RBIMPL_MACRO_SELECT(x, y) x ## y
      |                                   ^
<scratch space>:142:1: note: expanded from here
  142 | rb_data_object_get_1
      | ^
/opt/homebrew/Cellar/ruby/4.0.5/include/ruby-4.0.0/ruby/internal/core/rdata.h:368:31: note: expanded from macro 'rb_data_object_get_1'
  368 | #define rb_data_object_get_1  rb_data_object_get_warning
      |                               ^
/opt/homebrew/Cellar/ruby/4.0.5/include/ruby-4.0.0/ruby/internal/core/rdata.h:317:1: note: 'rb_data_object_get_warning' has been explicitly marked deprecated here
  317 | RBIMPL_ATTRSET_UNTYPED_DATA_FUNC()
      | ^
/opt/homebrew/Cellar/ruby/4.0.5/include/ruby-4.0.0/ruby/internal/core/rdata.h:47:5: note: expanded from macro 'RBIMPL_ATTRSET_UNTYPED_DATA_FUNC'
   47 |     RBIMPL_ATTR_DEPRECATED(("by TypedData"))
      |     ^
/opt/homebrew/Cellar/ruby/4.0.5/include/ruby-4.0.0/ruby/internal/attr/deprecated.h:36:53: note: expanded from macro 'RBIMPL_ATTR_DEPRECATED'
   36 | # define RBIMPL_ATTR_DEPRECATED(msg) __attribute__((__deprecated__ msg))
      |                                                     ^
statement.c:318:3: warning: 'rb_data_object_get_warning' is deprecated: by TypedData [-Wdeprecated-declarations]
  318 |   Data_Get_Struct(self, sqlite3StmtRuby, ctx);
      |   ^
/opt/homebrew/Cellar/ruby/4.0.5/include/ruby-4.0.0/ruby/internal/core/rdata.h:278:34: note: expanded from macro 'Data_Get_Struct'
  278 |     ((sval) = RBIMPL_CAST((type*)rb_data_object_get(obj)))
      |                                  ^
/opt/homebrew/Cellar/ruby/4.0.5/include/ruby-4.0.0/ruby/internal/core/rdata.h:370:31: note: expanded from macro 'rb_data_object_get'
  370 | #define rb_data_object_get    RUBY_MACRO_SELECT(rb_data_object_get_2, RUBY_UNTYPED_DATA_WARNING)
      |                               ^
/opt/homebrew/Cellar/ruby/4.0.5/include/ruby-4.0.0/ruby/internal/core/rdata.h:50:35: note: expanded from macro 'RUBY_MACRO_SELECT'
   50 | #define RUBY_MACRO_SELECT(x, y)   RBIMPL_MACRO_SELECT(x, y)
      |                                   ^
/opt/homebrew/Cellar/ruby/4.0.5/include/ruby-4.0.0/ruby/internal/core/rdata.h:49:35: note: expanded from macro 'RBIMPL_MACRO_SELECT'
   49 | #define RBIMPL_MACRO_SELECT(x, y) x ## y
      |                                   ^
<scratch space>:143:1: note: expanded from here
  143 | rb_data_object_get_1
      | ^
/opt/homebrew/Cellar/ruby/4.0.5/include/ruby-4.0.0/ruby/internal/core/rdata.h:368:31: note: expanded from macro 'rb_data_object_get_1'
  368 | #define rb_data_object_get_1  rb_data_object_get_warning
      |                               ^
/opt/homebrew/Cellar/ruby/4.0.5/include/ruby-4.0.0/ruby/internal/core/rdata.h:317:1: note: 'rb_data_object_get_warning' has been explicitly marked deprecated here
  317 | RBIMPL_ATTRSET_UNTYPED_DATA_FUNC()
      | ^
/opt/homebrew/Cellar/ruby/4.0.5/include/ruby-4.0.0/ruby/internal/core/rdata.h:47:5: note: expanded from macro 'RBIMPL_ATTRSET_UNTYPED_DATA_FUNC'
   47 |     RBIMPL_ATTR_DEPRECATED(("by TypedData"))
      |     ^
/opt/homebrew/Cellar/ruby/4.0.5/include/ruby-4.0.0/ruby/internal/attr/deprecated.h:36:53: note: expanded from macro 'RBIMPL_ATTR_DEPRECATED'
   36 | # define RBIMPL_ATTR_DEPRECATED(msg) __attribute__((__deprecated__ msg))
      |                                                     ^
statement.c:335:3: warning: 'rb_data_object_get_warning' is deprecated: by TypedData [-Wdeprecated-declarations]
  335 |   Data_Get_Struct(self, sqlite3StmtRuby, ctx);
      |   ^
/opt/homebrew/Cellar/ruby/4.0.5/include/ruby-4.0.0/ruby/internal/core/rdata.h:278:34: note: expanded from macro 'Data_Get_Struct'
  278 |     ((sval) = RBIMPL_CAST((type*)rb_data_object_get(obj)))
      |                                  ^
/opt/homebrew/Cellar/ruby/4.0.5/include/ruby-4.0.0/ruby/internal/core/rdata.h:370:31: note: expanded from macro 'rb_data_object_get'
  370 | #define rb_data_object_get    RUBY_MACRO_SELECT(rb_data_object_get_2, RUBY_UNTYPED_DATA_WARNING)
      |                               ^
/opt/homebrew/Cellar/ruby/4.0.5/include/ruby-4.0.0/ruby/internal/core/rdata.h:50:35: note: expanded from macro 'RUBY_MACRO_SELECT'
   50 | #define RUBY_MACRO_SELECT(x, y)   RBIMPL_MACRO_SELECT(x, y)
      |                                   ^
/opt/homebrew/Cellar/ruby/4.0.5/include/ruby-4.0.0/ruby/internal/core/rdata.h:49:35: note: expanded from macro 'RBIMPL_MACRO_SELECT'
   49 | #define RBIMPL_MACRO_SELECT(x, y) x ## y
      |                                   ^
<scratch space>:144:1: note: expanded from here
  144 | rb_data_object_get_1
      | ^
/opt/homebrew/Cellar/ruby/4.0.5/include/ruby-4.0.0/ruby/internal/core/rdata.h:368:31: note: expanded from macro 'rb_data_object_get_1'
  368 | #define rb_data_object_get_1  rb_data_object_get_warning
      |                               ^
/opt/homebrew/Cellar/ruby/4.0.5/include/ruby-4.0.0/ruby/internal/core/rdata.h:317:1: note: 'rb_data_object_get_warning' has been explicitly marked deprecated here
  317 | RBIMPL_ATTRSET_UNTYPED_DATA_FUNC()
      | ^
/opt/homebrew/Cellar/ruby/4.0.5/include/ruby-4.0.0/ruby/internal/core/rdata.h:47:5: note: expanded from macro 'RBIMPL_ATTRSET_UNTYPED_DATA_FUNC'
   47 |     RBIMPL_ATTR_DEPRECATED(("by TypedData"))
      |     ^
/opt/homebrew/Cellar/ruby/4.0.5/include/ruby-4.0.0/ruby/internal/attr/deprecated.h:36:53: note: expanded from macro 'RBIMPL_ATTR_DEPRECATED'
   36 | # define RBIMPL_ATTR_DEPRECATED(msg) __attribute__((__deprecated__ msg))
      |                                                     ^
statement.c:348:3: warning: 'rb_data_object_get_warning' is deprecated: by TypedData [-Wdeprecated-declarations]
  348 |   Data_Get_Struct(self, sqlite3StmtRuby, ctx);
      |   ^
/opt/homebrew/Cellar/ruby/4.0.5/include/ruby-4.0.0/ruby/internal/core/rdata.h:278:34: note: expanded from macro 'Data_Get_Struct'
  278 |     ((sval) = RBIMPL_CAST((type*)rb_data_object_get(obj)))
      |                                  ^
/opt/homebrew/Cellar/ruby/4.0.5/include/ruby-4.0.0/ruby/internal/core/rdata.h:370:31: note: expanded from macro 'rb_data_object_get'
  370 | #define rb_data_object_get    RUBY_MACRO_SELECT(rb_data_object_get_2, RUBY_UNTYPED_DATA_WARNING)
      |                               ^
/opt/homebrew/Cellar/ruby/4.0.5/include/ruby-4.0.0/ruby/internal/core/rdata.h:50:35: note: expanded from macro 'RUBY_MACRO_SELECT'
   50 | #define RUBY_MACRO_SELECT(x, y)   RBIMPL_MACRO_SELECT(x, y)
      |                                   ^
/opt/homebrew/Cellar/ruby/4.0.5/include/ruby-4.0.0/ruby/internal/core/rdata.h:49:35: note: expanded from macro 'RBIMPL_MACRO_SELECT'
   49 | #define RBIMPL_MACRO_SELECT(x, y) x ## y
      |                                   ^
<scratch space>:145:1: note: expanded from here
  145 | rb_data_object_get_1
      | ^
/opt/homebrew/Cellar/ruby/4.0.5/include/ruby-4.0.0/ruby/internal/core/rdata.h:368:31: note: expanded from macro 'rb_data_object_get_1'
  368 | #define rb_data_object_get_1  rb_data_object_get_warning
      |                               ^
/opt/homebrew/Cellar/ruby/4.0.5/include/ruby-4.0.0/ruby/internal/core/rdata.h:317:1: note: 'rb_data_object_get_warning' has been explicitly marked deprecated here
  317 | RBIMPL_ATTRSET_UNTYPED_DATA_FUNC()
      | ^
/opt/homebrew/Cellar/ruby/4.0.5/include/ruby-4.0.0/ruby/internal/core/rdata.h:47:5: note: expanded from macro 'RBIMPL_ATTRSET_UNTYPED_DATA_FUNC'
   47 |     RBIMPL_ATTR_DEPRECATED(("by TypedData"))
      |     ^
/opt/homebrew/Cellar/ruby/4.0.5/include/ruby-4.0.0/ruby/internal/attr/deprecated.h:36:53: note: expanded from macro 'RBIMPL_ATTR_DEPRECATED'
   36 | # define RBIMPL_ATTR_DEPRECATED(msg) __attribute__((__deprecated__ msg))
      |                                                     ^
statement.c:363:3: warning: 'rb_data_object_get_warning' is deprecated: by TypedData [-Wdeprecated-declarations]
  363 |   Data_Get_Struct(self, sqlite3StmtRuby, ctx);
      |   ^
/opt/homebrew/Cellar/ruby/4.0.5/include/ruby-4.0.0/ruby/internal/core/rdata.h:278:34: note: expanded from macro 'Data_Get_Struct'
  278 |     ((sval) = RBIMPL_CAST((type*)rb_data_object_get(obj)))
      |                                  ^
/opt/homebrew/Cellar/ruby/4.0.5/include/ruby-4.0.0/ruby/internal/core/rdata.h:370:31: note: expanded from macro 'rb_data_object_get'
  370 | #define rb_data_object_get    RUBY_MACRO_SELECT(rb_data_object_get_2, RUBY_UNTYPED_DATA_WARNING)
      |                               ^
/opt/homebrew/Cellar/ruby/4.0.5/include/ruby-4.0.0/ruby/internal/core/rdata.h:50:35: note: expanded from macro 'RUBY_MACRO_SELECT'
   50 | #define RUBY_MACRO_SELECT(x, y)   RBIMPL_MACRO_SELECT(x, y)
      |                                   ^
/opt/homebrew/Cellar/ruby/4.0.5/include/ruby-4.0.0/ruby/internal/core/rdata.h:49:35: note: expanded from macro 'RBIMPL_MACRO_SELECT'
   49 | #define RBIMPL_MACRO_SELECT(x, y) x ## y
      |                                   ^
<scratch space>:146:1: note: expanded from here
  146 | rb_data_object_get_1
      | ^
/opt/homebrew/Cellar/ruby/4.0.5/include/ruby-4.0.0/ruby/internal/core/rdata.h:368:31: note: expanded from macro 'rb_data_object_get_1'
  368 | #define rb_data_object_get_1  rb_data_object_get_warning
      |                               ^
/opt/homebrew/Cellar/ruby/4.0.5/include/ruby-4.0.0/ruby/internal/core/rdata.h:317:1: note: 'rb_data_object_get_warning' has been explicitly marked deprecated here
  317 | RBIMPL_ATTRSET_UNTYPED_DATA_FUNC()
      | ^
/opt/homebrew/Cellar/ruby/4.0.5/include/ruby-4.0.0/ruby/internal/core/rdata.h:47:5: note: expanded from macro 'RBIMPL_ATTRSET_UNTYPED_DATA_FUNC'
   47 |     RBIMPL_ATTR_DEPRECATED(("by TypedData"))
      |     ^
/opt/homebrew/Cellar/ruby/4.0.5/include/ruby-4.0.0/ruby/internal/attr/deprecated.h:36:53: note: expanded from macro 'RBIMPL_ATTR_DEPRECATED'
   36 | # define RBIMPL_ATTR_DEPRECATED(msg) __attribute__((__deprecated__ msg))
      |                                                     ^
statement.c:381:3: warning: 'rb_data_object_get_warning' is deprecated: by TypedData [-Wdeprecated-declarations]
  381 |   Data_Get_Struct(self, sqlite3StmtRuby, ctx);
      |   ^
/opt/homebrew/Cellar/ruby/4.0.5/include/ruby-4.0.0/ruby/internal/core/rdata.h:278:34: note: expanded from macro 'Data_Get_Struct'
  278 |     ((sval) = RBIMPL_CAST((type*)rb_data_object_get(obj)))
      |                                  ^
/opt/homebrew/Cellar/ruby/4.0.5/include/ruby-4.0.0/ruby/internal/core/rdata.h:370:31: note: expanded from macro 'rb_data_object_get'
  370 | #define rb_data_object_get    RUBY_MACRO_SELECT(rb_data_object_get_2, RUBY_UNTYPED_DATA_WARNING)
      |                               ^
/opt/homebrew/Cellar/ruby/4.0.5/include/ruby-4.0.0/ruby/internal/core/rdata.h:50:35: note: expanded from macro 'RUBY_MACRO_SELECT'
   50 | #define RUBY_MACRO_SELECT(x, y)   RBIMPL_MACRO_SELECT(x, y)
      |                                   ^
/opt/homebrew/Cellar/ruby/4.0.5/include/ruby-4.0.0/ruby/internal/core/rdata.h:49:35: note: expanded from macro 'RBIMPL_MACRO_SELECT'
   49 | #define RBIMPL_MACRO_SELECT(x, y) x ## y
      |                                   ^
<scratch space>:147:1: note: expanded from here
  147 | rb_data_object_get_1
      | ^
/opt/homebrew/Cellar/ruby/4.0.5/include/ruby-4.0.0/ruby/internal/core/rdata.h:368:31: note: expanded from macro 'rb_data_object_get_1'
  368 | #define rb_data_object_get_1  rb_data_object_get_warning
      |                               ^
/opt/homebrew/Cellar/ruby/4.0.5/include/ruby-4.0.0/ruby/internal/core/rdata.h:317:1: note: 'rb_data_object_get_warning' has been explicitly marked deprecated here
  317 | RBIMPL_ATTRSET_UNTYPED_DATA_FUNC()
      | ^
/opt/homebrew/Cellar/ruby/4.0.5/include/ruby-4.0.0/ruby/internal/core/rdata.h:47:5: note: expanded from macro 'RBIMPL_ATTRSET_UNTYPED_DATA_FUNC'
   47 |     RBIMPL_ATTR_DEPRECATED(("by TypedData"))
      |     ^
/opt/homebrew/Cellar/ruby/4.0.5/include/ruby-4.0.0/ruby/internal/attr/deprecated.h:36:53: note: expanded from macro 'RBIMPL_ATTR_DEPRECATED'
   36 | # define RBIMPL_ATTR_DEPRECATED(msg) __attribute__((__deprecated__ msg))
      |                                                     ^
statement.c:397:3: warning: 'rb_data_object_get_warning' is deprecated: by TypedData [-Wdeprecated-declarations]
  397 |   Data_Get_Struct(self, sqlite3StmtRuby, ctx);
      |   ^
/opt/homebrew/Cellar/ruby/4.0.5/include/ruby-4.0.0/ruby/internal/core/rdata.h:278:34: note: expanded from macro 'Data_Get_Struct'
  278 |     ((sval) = RBIMPL_CAST((type*)rb_data_object_get(obj)))
      |                                  ^
/opt/homebrew/Cellar/ruby/4.0.5/include/ruby-4.0.0/ruby/internal/core/rdata.h:370:31: note: expanded from macro 'rb_data_object_get'
  370 | #define rb_data_object_get    RUBY_MACRO_SELECT(rb_data_object_get_2, RUBY_UNTYPED_DATA_WARNING)
      |                               ^
/opt/homebrew/Cellar/ruby/4.0.5/include/ruby-4.0.0/ruby/internal/core/rdata.h:50:35: note: expanded from macro 'RUBY_MACRO_SELECT'
   50 | #define RUBY_MACRO_SELECT(x, y)   RBIMPL_MACRO_SELECT(x, y)
      |                                   ^
/opt/homebrew/Cellar/ruby/4.0.5/include/ruby-4.0.0/ruby/internal/core/rdata.h:49:35: note: expanded from macro 'RBIMPL_MACRO_SELECT'
   49 | #define RBIMPL_MACRO_SELECT(x, y) x ## y
      |                                   ^
<scratch space>:148:1: note: expanded from here
  148 | rb_data_object_get_1
      | ^
/opt/homebrew/Cellar/ruby/4.0.5/include/ruby-4.0.0/ruby/internal/core/rdata.h:368:31: note: expanded from macro 'rb_data_object_get_1'
  368 | #define rb_data_object_get_1  rb_data_object_get_warning
      |                               ^
/opt/homebrew/Cellar/ruby/4.0.5/include/ruby-4.0.0/ruby/internal/core/rdata.h:317:1: note: 'rb_data_object_get_warning' has been explicitly marked deprecated here
  317 | RBIMPL_ATTRSET_UNTYPED_DATA_FUNC()
      | ^
/opt/homebrew/Cellar/ruby/4.0.5/include/ruby-4.0.0/ruby/internal/core/rdata.h:47:5: note: expanded from macro 'RBIMPL_ATTRSET_UNTYPED_DATA_FUNC'
   47 |     RBIMPL_ATTR_DEPRECATED(("by TypedData"))
      |     ^
/opt/homebrew/Cellar/ruby/4.0.5/include/ruby-4.0.0/ruby/internal/attr/deprecated.h:36:53: note: expanded from macro 'RBIMPL_ATTR_DEPRECATED'
   36 | # define RBIMPL_ATTR_DEPRECATED(msg) __attribute__((__deprecated__ msg))
      |                                                     ^
14 warnings generated.
linking shared-object sqlite3/sqlite3_native.bundle
ld: warning: ignoring duplicate libraries: '-lsqlite3'

current directory: /Users/stsessions/dev/verademos/verademo-rails-api/vendor/bundle/ruby/4.0.0/gems/sqlite3-1.6.9/ext/sqlite3
make DESTDIR\= sitearchdir\=./.gem.20260708-52476-45xt5l sitelibdir\=./.gem.20260708-52476-45xt5l install
/usr/bin/install -c -m 0755 sqlite3_native.bundle ./.gem.20260708-52476-45xt5l/sqlite3

current directory: /Users/stsessions/dev/verademos/verademo-rails-api/vendor/bundle/ruby/4.0.0/gems/sqlite3-1.6.9/ext/sqlite3
make DESTDIR\= sitearchdir\=./.gem.20260708-52476-45xt5l sitelibdir\=./.gem.20260708-52476-45xt5l clean
